address_id,team_rule_id,before,after
A0001,r-027144eb,applies,unknown
A0001,r-21673199,applies,unknown
A0001,r-278c32e2,applies,unknown
A0001,r-27f4d965,applies,unknown
A0001,r-2b290690,applies,unknown
A0001,r-30b18f96,applies,unknown
A0001,r-48c8c1b0,superseded,unknown
A0001,r-52dbca2e,applies,unknown
A0001,r-7c8b33f9,applies,unknown
A0001,r-8237b0ce,applies,unknown
A0001,r-869b1a8c,applies,unknown
A0001,r-96f16208,applies,unknown
A0001,r-a2190629,applies,unknown
A0001,r-a3048f26,applies,unknown
A0001,r-ad07550f,applies,unknown
A0001,r-aeb12cba,applies,unknown
A0001,r-e61d4419,applies,unknown
A0001,r-e73f1627,applies,unknown
A0001,r-f06d7c5e,applies,unknown
A0002,r-16f6b5d3,applies,unknown
A0003,r-16f6b5d3,applies,unknown
A0004,r-027144eb,applies,unknown
A0004,r-21673199,applies,unknown
A0004,r-278c32e2,applies,unknown
A0004,r-27f4d965,applies,unknown
A0004,r-2b290690,applies,unknown
A0004,r-30b18f96,applies,unknown
A0004,r-48c8c1b0,superseded,unknown
A0004,r-52dbca2e,applies,unknown
A0004,r-7c8b33f9,applies,unknown
A0004,r-8237b0ce,applies,unknown
A0004,r-869b1a8c,applies,unknown
A0004,r-96f16208,applies,unknown
A0004,r-a2190629,applies,unknown
A0004,r-a3048f26,applies,unknown
A0004,r-ad07550f,applies,unknown
A0004,r-aeb12cba,applies,unknown
A0004,r-e61d4419,applies,unknown
A0004,r-e73f1627,applies,unknown
A0004,r-f06d7c5e,applies,unknown
A0005,r-16050310,applies,unknown
A0005,r-21673199,applies,unknown
A0005,r-25e6edf6,applies,unknown
A0005,r-278c32e2,applies,unknown
A0005,r-27f4d965,applies,unknown
A0005,r-30b18f96,applies,unknown
A0005,r-48c8c1b0,superseded,unknown
A0005,r-52dbca2e,applies,unknown
A0005,r-5e569c49,applies,unknown
A0005,r-6fc82c1c,applies,unknown
A0005,r-7c8b33f9,applies,unknown
A0005,r-8237b0ce,applies,unknown
A0005,r-96f16208,applies,unknown
A0005,r-9d61e287,applies,unknown
A0005,r-9e5fe825,applies,unknown
A0005,r-a2190629,applies,unknown
A0005,r-a3048f26,applies,unknown
A0005,r-ad07550f,applies,unknown
A0005,r-aeb12cba,applies,unknown
A0005,r-b0e8e0b7,applies,unknown
A0005,r-b7efbc45,applies,unknown
A0005,r-ddfdad05,applies,unknown
A0005,r-e61d4419,applies,unknown
A0005,r-f06d7c5e,applies,unknown
A0005,r-f642556a,applies,unknown
A0006,r-10c48ed7,applies,unknown
A0006,r-777a6012,applies,unknown
A0006,r-d4a56cd0,applies,unknown
A0007,r-027144eb,applies,unknown
A0007,r-21673199,applies,unknown
A0007,r-278c32e2,applies,unknown
A0007,r-27f4d965,applies,unknown
A0007,r-2b290690,applies,unknown
A0007,r-30b18f96,applies,unknown
A0007,r-48c8c1b0,superseded,unknown
A0007,r-52dbca2e,applies,unknown
A0007,r-7c8b33f9,applies,unknown
A0007,r-8237b0ce,applies,unknown
A0007,r-869b1a8c,applies,unknown
A0007,r-96f16208,applies,unknown
A0007,r-a2190629,applies,unknown
A0007,r-a3048f26,applies,unknown
A0007,r-ad07550f,applies,unknown
A0007,r-aeb12cba,applies,unknown
A0007,r-e61d4419,applies,unknown
A0007,r-e73f1627,applies,unknown
A0007,r-f06d7c5e,applies,unknown
A0008,r-16f6b5d3,applies,unknown
A0009,r-10c48ed7,applies,unknown
A0009,r-d4a56cd0,applies,unknown
A0010,r-10c48ed7,applies,unknown
A0010,r-d4a56cd0,applies,unknown
A0011,r-16f6b5d3,applies,unknown
A0012,r-16f6b5d3,applies,unknown
A0013,r-16f6b5d3,applies,unknown
A0014,r-027144eb,applies,unknown
A0014,r-21673199,applies,unknown
A0014,r-278c32e2,applies,unknown
A0014,r-27f4d965,applies,unknown
A0014,r-2b290690,applies,unknown
A0014,r-30b18f96,applies,unknown
A0014,r-48c8c1b0,superseded,unknown
A0014,r-52dbca2e,applies,unknown
A0014,r-7c8b33f9,applies,unknown
A0014,r-8237b0ce,applies,unknown
A0014,r-869b1a8c,applies,unknown
A0014,r-96f16208,applies,unknown
A0014,r-a2190629,applies,unknown
A0014,r-a3048f26,applies,unknown
A0014,r-ad07550f,applies,unknown
A0014,r-aeb12cba,applies,unknown
A0014,r-e61d4419,applies,unknown
A0014,r-e73f1627,applies,unknown
A0014,r-f06d7c5e,applies,unknown
A0015,r-10c48ed7,applies,unknown
A0015,r-d4a56cd0,applies,unknown
A0016,r-21673199,applies,unknown
A0016,r-278c32e2,applies,unknown
A0016,r-27f4d965,applies,unknown
A0016,r-28dd2ea6,applies,unknown
A0016,r-30b18f96,applies,unknown
A0016,r-48c8c1b0,superseded,unknown
A0016,r-52dbca2e,applies,unknown
A0016,r-74dde1b0,applies,unknown
A0016,r-7c8b33f9,applies,unknown
A0016,r-8237b0ce,applies,unknown
A0016,r-946122d8,applies,unknown
A0016,r-96f16208,applies,unknown
A0016,r-9878a0b8,applies,unknown
A0016,r-a2190629,applies,unknown
A0016,r-a3048f26,applies,unknown
A0016,r-ad07550f,applies,unknown
A0016,r-aeb12cba,applies,unknown
A0016,r-c0776898,applies,unknown
A0016,r-e61d4419,applies,unknown
A0016,r-f06d7c5e,applies,unknown
A0016,r-f7c43eb6,applies,unknown
A0017,r-16f6b5d3,applies,unknown
A0018,r-16050310,applies,unknown
A0018,r-21673199,applies,unknown
A0018,r-25e6edf6,applies,unknown
A0018,r-278c32e2,applies,unknown
A0018,r-27f4d965,applies,unknown
A0018,r-30b18f96,applies,unknown
A0018,r-48c8c1b0,superseded,unknown
A0018,r-52dbca2e,applies,unknown
A0018,r-5e569c49,applies,unknown
A0018,r-6fc82c1c,applies,unknown
A0018,r-7c8b33f9,applies,unknown
A0018,r-8237b0ce,applies,unknown
A0018,r-96f16208,applies,unknown
A0018,r-9d61e287,applies,unknown
A0018,r-9e5fe825,applies,unknown
A0018,r-a2190629,applies,unknown
A0018,r-a3048f26,applies,unknown
A0018,r-ad07550f,applies,unknown
A0018,r-aeb12cba,applies,unknown
A0018,r-b0e8e0b7,applies,unknown
A0018,r-b7efbc45,applies,unknown
A0018,r-ddfdad05,applies,unknown
A0018,r-e61d4419,applies,unknown
A0018,r-f06d7c5e,applies,unknown
A0018,r-f642556a,applies,unknown
A0019,r-21673199,applies,unknown
A0019,r-278c32e2,applies,unknown
A0019,r-27f4d965,applies,unknown
A0019,r-30b18f96,applies,unknown
A0019,r-48c8c1b0,superseded,unknown
A0019,r-4a9e3484,applies,unknown
A0019,r-52dbca2e,applies,unknown
A0019,r-5ef71379,applies,unknown
A0019,r-7c8b33f9,applies,unknown
A0019,r-8237b0ce,applies,unknown
A0019,r-96f16208,applies,unknown
A0019,r-a2190629,applies,unknown
A0019,r-a3048f26,applies,unknown
A0019,r-ad07550f,applies,unknown
A0019,r-aeb12cba,applies,unknown
A0019,r-e61d4419,applies,unknown
A0019,r-f06d7c5e,applies,unknown
A0020,r-16f6b5d3,applies,unknown
A0021,r-21673199,applies,unknown
A0021,r-278c32e2,applies,unknown
A0021,r-27f4d965,applies,unknown
A0021,r-28dd2ea6,applies,unknown
A0021,r-30b18f96,applies,unknown
A0021,r-48c8c1b0,superseded,unknown
A0021,r-52dbca2e,applies,unknown
A0021,r-74dde1b0,applies,unknown
A0021,r-7c8b33f9,applies,unknown
A0021,r-8237b0ce,applies,unknown
A0021,r-946122d8,applies,unknown
A0021,r-96f16208,applies,unknown
A0021,r-9878a0b8,applies,unknown
A0021,r-a2190629,applies,unknown
A0021,r-a3048f26,applies,unknown
A0021,r-ad07550f,applies,unknown
A0021,r-aeb12cba,applies,unknown
A0021,r-c0776898,applies,unknown
A0021,r-e61d4419,applies,unknown
A0021,r-f06d7c5e,applies,unknown
A0021,r-f7c43eb6,applies,unknown
A0022,r-027144eb,applies,unknown
A0022,r-1f90d32d,does_not_apply,unknown
A0022,r-21673199,applies,unknown
A0022,r-278c32e2,applies,unknown
A0022,r-27f4d965,applies,unknown
A0022,r-2b290690,applies,unknown
A0022,r-30b18f96,applies,unknown
A0022,r-48c8c1b0,superseded,unknown
A0022,r-52dbca2e,applies,unknown
A0022,r-7c8b33f9,applies,unknown
A0022,r-8237b0ce,applies,unknown
A0022,r-869b1a8c,applies,unknown
A0022,r-96f16208,applies,unknown
A0022,r-a2190629,applies,unknown
A0022,r-a3048f26,applies,unknown
A0022,r-ad07550f,applies,unknown
A0022,r-aeb12cba,applies,unknown
A0022,r-e61d4419,applies,unknown
A0022,r-e73f1627,applies,unknown
A0022,r-f06d7c5e,applies,unknown
A0023,r-027144eb,applies,unknown
A0023,r-1f90d32d,does_not_apply,unknown
A0023,r-21673199,applies,unknown
A0023,r-278c32e2,applies,unknown
A0023,r-27f4d965,applies,unknown
A0023,r-2b290690,applies,unknown
A0023,r-30b18f96,applies,unknown
A0023,r-48c8c1b0,superseded,unknown
A0023,r-52dbca2e,applies,unknown
A0023,r-7c8b33f9,applies,unknown
A0023,r-8237b0ce,applies,unknown
A0023,r-869b1a8c,applies,unknown
A0023,r-96f16208,applies,unknown
A0023,r-a2190629,applies,unknown
A0023,r-a3048f26,applies,unknown
A0023,r-ad07550f,applies,unknown
A0023,r-aeb12cba,applies,unknown
A0023,r-e61d4419,applies,unknown
A0023,r-e73f1627,applies,unknown
A0023,r-f06d7c5e,applies,unknown
A0024,r-10c48ed7,applies,unknown
A0024,r-d4a56cd0,applies,unknown
A0025,r-16050310,applies,unknown
A0025,r-21673199,applies,unknown
A0025,r-25e6edf6,applies,unknown
A0025,r-278c32e2,applies,unknown
A0025,r-27f4d965,applies,unknown
A0025,r-30b18f96,applies,unknown
A0025,r-48c8c1b0,superseded,unknown
A0025,r-52dbca2e,applies,unknown
A0025,r-5e569c49,applies,unknown
A0025,r-6fc82c1c,applies,unknown
A0025,r-7c8b33f9,applies,unknown
A0025,r-8237b0ce,applies,unknown
A0025,r-96f16208,applies,unknown
A0025,r-9d61e287,applies,unknown
A0025,r-9e5fe825,applies,unknown
A0025,r-a2190629,applies,unknown
A0025,r-a3048f26,applies,unknown
A0025,r-ad07550f,applies,unknown
A0025,r-aeb12cba,applies,unknown
A0025,r-b0e8e0b7,applies,unknown
A0025,r-b7efbc45,applies,unknown
A0025,r-ddfdad05,applies,unknown
A0025,r-e61d4419,applies,unknown
A0025,r-f06d7c5e,applies,unknown
A0025,r-f642556a,applies,unknown
A0026,r-16f6b5d3,applies,unknown
A0027,r-21673199,applies,unknown
A0027,r-278c32e2,applies,unknown
A0027,r-27f4d965,applies,unknown
A0027,r-28dd2ea6,applies,unknown
A0027,r-30b18f96,applies,unknown
A0027,r-48c8c1b0,superseded,unknown
A0027,r-52dbca2e,applies,unknown
A0027,r-74dde1b0,applies,unknown
A0027,r-7c8b33f9,applies,unknown
A0027,r-8237b0ce,applies,unknown
A0027,r-946122d8,applies,unknown
A0027,r-96f16208,applies,unknown
A0027,r-9878a0b8,applies,unknown
A0027,r-a2190629,applies,unknown
A0027,r-a3048f26,applies,unknown
A0027,r-ad07550f,applies,unknown
A0027,r-aeb12cba,applies,unknown
A0027,r-c0776898,applies,unknown
A0027,r-e61d4419,applies,unknown
A0027,r-f06d7c5e,applies,unknown
A0027,r-f7c43eb6,applies,unknown
A0028,r-16f6b5d3,applies,unknown
A0029,r-16f6b5d3,applies,unknown
A0030,r-21673199,applies,unknown
A0030,r-278c32e2,applies,unknown
A0030,r-27f4d965,applies,unknown
A0030,r-28dd2ea6,applies,unknown
A0030,r-30b18f96,applies,unknown
A0030,r-48c8c1b0,superseded,unknown
A0030,r-52dbca2e,applies,unknown
A0030,r-74dde1b0,applies,unknown
A0030,r-7c8b33f9,applies,unknown
A0030,r-8237b0ce,applies,unknown
A0030,r-946122d8,applies,unknown
A0030,r-96f16208,applies,unknown
A0030,r-9878a0b8,applies,unknown
A0030,r-a2190629,applies,unknown
A0030,r-a3048f26,applies,unknown
A0030,r-ad07550f,applies,unknown
A0030,r-aeb12cba,applies,unknown
A0030,r-c0776898,applies,unknown
A0030,r-e61d4419,applies,unknown
A0030,r-f06d7c5e,applies,unknown
A0030,r-f7c43eb6,applies,unknown
A0031,r-027144eb,applies,unknown
A0031,r-21673199,applies,unknown
A0031,r-278c32e2,applies,unknown
A0031,r-27f4d965,applies,unknown
A0031,r-2b290690,applies,unknown
A0031,r-30b18f96,applies,unknown
A0031,r-48c8c1b0,superseded,unknown
A0031,r-52dbca2e,applies,unknown
A0031,r-7c8b33f9,applies,unknown
A0031,r-8237b0ce,applies,unknown
A0031,r-869b1a8c,applies,unknown
A0031,r-96f16208,applies,unknown
A0031,r-a2190629,applies,unknown
A0031,r-a3048f26,applies,unknown
A0031,r-ad07550f,applies,unknown
A0031,r-aeb12cba,applies,unknown
A0031,r-e61d4419,applies,unknown
A0031,r-e73f1627,applies,unknown
A0031,r-f06d7c5e,applies,unknown
A0032,r-16f6b5d3,applies,unknown
A0033,r-21673199,applies,unknown
A0033,r-278c32e2,applies,unknown
A0033,r-27f4d965,applies,unknown
A0033,r-28dd2ea6,applies,unknown
A0033,r-30b18f96,applies,unknown
A0033,r-48c8c1b0,superseded,unknown
A0033,r-52dbca2e,applies,unknown
A0033,r-74dde1b0,applies,unknown
A0033,r-7c8b33f9,applies,unknown
A0033,r-8237b0ce,applies,unknown
A0033,r-946122d8,applies,unknown
A0033,r-96f16208,applies,unknown
A0033,r-9878a0b8,applies,unknown
A0033,r-a2190629,applies,unknown
A0033,r-a3048f26,applies,unknown
A0033,r-ad07550f,applies,unknown
A0033,r-aeb12cba,applies,unknown
A0033,r-c0776898,applies,unknown
A0033,r-e61d4419,applies,unknown
A0033,r-f06d7c5e,applies,unknown
A0033,r-f7c43eb6,applies,unknown
A0034,r-10c48ed7,applies,unknown
A0034,r-d4a56cd0,applies,unknown
A0035,r-027144eb,applies,unknown
A0035,r-1f90d32d,does_not_apply,unknown
A0035,r-21673199,applies,unknown
A0035,r-278c32e2,applies,unknown
A0035,r-27f4d965,applies,unknown
A0035,r-2b290690,applies,unknown
A0035,r-30b18f96,applies,unknown
A0035,r-48c8c1b0,superseded,unknown
A0035,r-52dbca2e,applies,unknown
A0035,r-7c8b33f9,applies,unknown
A0035,r-8237b0ce,applies,unknown
A0035,r-869b1a8c,applies,unknown
A0035,r-96f16208,applies,unknown
A0035,r-a2190629,applies,unknown
A0035,r-a3048f26,applies,unknown
A0035,r-ad07550f,applies,unknown
A0035,r-aeb12cba,applies,unknown
A0035,r-e61d4419,applies,unknown
A0035,r-e73f1627,applies,unknown
A0035,r-f06d7c5e,applies,unknown
A0036,r-10c48ed7,applies,unknown
A0036,r-777a6012,applies,unknown
A0036,r-d4a56cd0,applies,unknown
A0037,r-027144eb,applies,unknown
A0037,r-1f90d32d,does_not_apply,unknown
A0037,r-21673199,applies,unknown
A0037,r-278c32e2,applies,unknown
A0037,r-27f4d965,applies,unknown
A0037,r-2b290690,applies,unknown
A0037,r-30b18f96,applies,unknown
A0037,r-48c8c1b0,superseded,unknown
A0037,r-52dbca2e,applies,unknown
A0037,r-7c8b33f9,applies,unknown
A0037,r-8237b0ce,applies,unknown
A0037,r-869b1a8c,applies,unknown
A0037,r-96f16208,applies,unknown
A0037,r-a2190629,applies,unknown
A0037,r-a3048f26,applies,unknown
A0037,r-ad07550f,applies,unknown
A0037,r-aeb12cba,applies,unknown
A0037,r-e61d4419,applies,unknown
A0037,r-e73f1627,applies,unknown
A0037,r-f06d7c5e,applies,unknown
A0038,r-21673199,applies,unknown
A0038,r-278c32e2,applies,unknown
A0038,r-27f4d965,applies,unknown
A0038,r-28dd2ea6,applies,unknown
A0038,r-30b18f96,applies,unknown
A0038,r-48c8c1b0,superseded,unknown
A0038,r-52dbca2e,applies,unknown
A0038,r-74dde1b0,applies,unknown
A0038,r-7c8b33f9,applies,unknown
A0038,r-8237b0ce,applies,unknown
A0038,r-946122d8,applies,unknown
A0038,r-96f16208,applies,unknown
A0038,r-9878a0b8,applies,unknown
A0038,r-a2190629,applies,unknown
A0038,r-a3048f26,applies,unknown
A0038,r-ad07550f,applies,unknown
A0038,r-aeb12cba,applies,unknown
A0038,r-c0776898,applies,unknown
A0038,r-e61d4419,applies,unknown
A0038,r-f06d7c5e,applies,unknown
A0038,r-f7c43eb6,applies,unknown
A0039,r-10c48ed7,applies,unknown
A0039,r-d4a56cd0,applies,unknown
A0040,r-16f6b5d3,applies,unknown
A0041,r-21673199,applies,unknown
A0041,r-278c32e2,applies,unknown
A0041,r-27f4d965,applies,unknown
A0041,r-28dd2ea6,applies,unknown
A0041,r-30b18f96,applies,unknown
A0041,r-48c8c1b0,superseded,unknown
A0041,r-52dbca2e,applies,unknown
A0041,r-74dde1b0,applies,unknown
A0041,r-7c8b33f9,applies,unknown
A0041,r-8237b0ce,applies,unknown
A0041,r-946122d8,applies,unknown
A0041,r-96f16208,applies,unknown
A0041,r-9878a0b8,applies,unknown
A0041,r-a2190629,applies,unknown
A0041,r-a3048f26,applies,unknown
A0041,r-ad07550f,applies,unknown
A0041,r-aeb12cba,applies,unknown
A0041,r-c0776898,applies,unknown
A0041,r-e61d4419,applies,unknown
A0041,r-f06d7c5e,applies,unknown
A0041,r-f7c43eb6,applies,unknown
A0042,r-16f6b5d3,applies,unknown
A0043,r-10c48ed7,applies,unknown
A0043,r-d4a56cd0,applies,unknown
A0044,r-16f6b5d3,applies,unknown
A0045,r-027144eb,applies,unknown
A0045,r-1f90d32d,does_not_apply,unknown
A0045,r-21673199,applies,unknown
A0045,r-278c32e2,applies,unknown
A0045,r-27f4d965,applies,unknown
A0045,r-2b290690,applies,unknown
A0045,r-30b18f96,applies,unknown
A0045,r-48c8c1b0,superseded,unknown
A0045,r-52dbca2e,applies,unknown
A0045,r-7c8b33f9,applies,unknown
A0045,r-8237b0ce,applies,unknown
A0045,r-869b1a8c,applies,unknown
A0045,r-96f16208,applies,unknown
A0045,r-a2190629,applies,unknown
A0045,r-a3048f26,applies,unknown
A0045,r-ad07550f,applies,unknown
A0045,r-aeb12cba,applies,unknown
A0045,r-e61d4419,applies,unknown
A0045,r-e73f1627,applies,unknown
A0045,r-f06d7c5e,applies,unknown
A0046,r-10c48ed7,applies,unknown
A0046,r-d4a56cd0,applies,unknown
A0047,r-16f6b5d3,applies,unknown
A0048,r-10c48ed7,applies,unknown
A0048,r-777a6012,applies,unknown
A0048,r-d4a56cd0,applies,unknown
A0049,r-16f6b5d3,applies,unknown
A0050,r-21673199,applies,unknown
A0050,r-278c32e2,applies,unknown
A0050,r-27f4d965,applies,unknown
A0050,r-28dd2ea6,applies,unknown
A0050,r-30b18f96,applies,unknown
A0050,r-48c8c1b0,superseded,unknown
A0050,r-52dbca2e,applies,unknown
A0050,r-74dde1b0,applies,unknown
A0050,r-7c8b33f9,applies,unknown
A0050,r-8237b0ce,applies,unknown
A0050,r-946122d8,applies,unknown
A0050,r-96f16208,applies,unknown
A0050,r-9878a0b8,applies,unknown
A0050,r-a2190629,applies,unknown
A0050,r-a3048f26,applies,unknown
A0050,r-ad07550f,applies,unknown
A0050,r-aeb12cba,applies,unknown
A0050,r-c0776898,applies,unknown
A0050,r-e61d4419,applies,unknown
A0050,r-f06d7c5e,applies,unknown
A0050,r-f7c43eb6,applies,unknown
A0051,r-16f6b5d3,applies,unknown
A0052,r-10c48ed7,applies,unknown
A0052,r-777a6012,applies,unknown
A0052,r-d4a56cd0,applies,unknown
A0053,r-10c48ed7,applies,unknown
A0053,r-777a6012,applies,unknown
A0053,r-d4a56cd0,applies,unknown
A0054,r-10c48ed7,applies,unknown
A0054,r-777a6012,applies,unknown
A0054,r-d4a56cd0,applies,unknown
A0055,r-21673199,applies,unknown
A0055,r-278c32e2,applies,unknown
A0055,r-27f4d965,applies,unknown
A0055,r-28dd2ea6,applies,unknown
A0055,r-30b18f96,applies,unknown
A0055,r-48c8c1b0,superseded,unknown
A0055,r-52dbca2e,applies,unknown
A0055,r-74dde1b0,applies,unknown
A0055,r-7c8b33f9,applies,unknown
A0055,r-8237b0ce,applies,unknown
A0055,r-946122d8,applies,unknown
A0055,r-96f16208,applies,unknown
A0055,r-9878a0b8,applies,unknown
A0055,r-a2190629,applies,unknown
A0055,r-a3048f26,applies,unknown
A0055,r-ad07550f,applies,unknown
A0055,r-aeb12cba,applies,unknown
A0055,r-c0776898,applies,unknown
A0055,r-e61d4419,applies,unknown
A0055,r-f06d7c5e,applies,unknown
A0055,r-f7c43eb6,applies,unknown
A0056,r-10c48ed7,applies,unknown
A0056,r-777a6012,applies,unknown
A0056,r-d4a56cd0,applies,unknown
A0057,r-16f6b5d3,applies,unknown
A0058,r-21673199,applies,unknown
A0058,r-278c32e2,applies,unknown
A0058,r-27f4d965,applies,unknown
A0058,r-30b18f96,applies,unknown
A0058,r-48c8c1b0,superseded,unknown
A0058,r-4a9e3484,applies,unknown
A0058,r-52dbca2e,applies,unknown
A0058,r-5ef71379,applies,unknown
A0058,r-7c8b33f9,applies,unknown
A0058,r-8237b0ce,applies,unknown
A0058,r-96f16208,applies,unknown
A0058,r-a2190629,applies,unknown
A0058,r-a3048f26,applies,unknown
A0058,r-ad07550f,applies,unknown
A0058,r-aeb12cba,applies,unknown
A0058,r-e61d4419,applies,unknown
A0058,r-f06d7c5e,applies,unknown
A0059,r-16f6b5d3,applies,unknown
A0060,r-027144eb,applies,unknown
A0060,r-21673199,applies,unknown
A0060,r-278c32e2,applies,unknown
A0060,r-27f4d965,applies,unknown
A0060,r-2b290690,applies,unknown
A0060,r-30b18f96,applies,unknown
A0060,r-48c8c1b0,superseded,unknown
A0060,r-52dbca2e,applies,unknown
A0060,r-7c8b33f9,applies,unknown
A0060,r-8237b0ce,applies,unknown
A0060,r-869b1a8c,applies,unknown
A0060,r-96f16208,applies,unknown
A0060,r-a2190629,applies,unknown
A0060,r-a3048f26,applies,unknown
A0060,r-ad07550f,applies,unknown
A0060,r-aeb12cba,applies,unknown
A0060,r-e61d4419,applies,unknown
A0060,r-e73f1627,applies,unknown
A0060,r-f06d7c5e,applies,unknown
A0061,r-21673199,applies,unknown
A0061,r-278c32e2,applies,unknown
A0061,r-27f4d965,applies,unknown
A0061,r-28dd2ea6,applies,unknown
A0061,r-30b18f96,applies,unknown
A0061,r-48c8c1b0,superseded,unknown
A0061,r-52dbca2e,applies,unknown
A0061,r-74dde1b0,applies,unknown
A0061,r-7c8b33f9,applies,unknown
A0061,r-8237b0ce,applies,unknown
A0061,r-946122d8,applies,unknown
A0061,r-96f16208,applies,unknown
A0061,r-9878a0b8,applies,unknown
A0061,r-a2190629,applies,unknown
A0061,r-a3048f26,applies,unknown
A0061,r-ad07550f,applies,unknown
A0061,r-aeb12cba,applies,unknown
A0061,r-c0776898,applies,unknown
A0061,r-e61d4419,applies,unknown
A0061,r-f06d7c5e,applies,unknown
A0061,r-f7c43eb6,applies,unknown
A0062,r-21673199,applies,unknown
A0062,r-278c32e2,applies,unknown
A0062,r-27f4d965,applies,unknown
A0062,r-28dd2ea6,applies,unknown
A0062,r-30b18f96,applies,unknown
A0062,r-48c8c1b0,superseded,unknown
A0062,r-52dbca2e,applies,unknown
A0062,r-74dde1b0,applies,unknown
A0062,r-7c8b33f9,applies,unknown
A0062,r-8237b0ce,applies,unknown
A0062,r-946122d8,applies,unknown
A0062,r-96f16208,applies,unknown
A0062,r-9878a0b8,applies,unknown
A0062,r-a2190629,applies,unknown
A0062,r-a3048f26,applies,unknown
A0062,r-ad07550f,applies,unknown
A0062,r-aeb12cba,applies,unknown
A0062,r-c0776898,applies,unknown
A0062,r-e61d4419,applies,unknown
A0062,r-f06d7c5e,applies,unknown
A0062,r-f7c43eb6,applies,unknown
A0063,r-10c48ed7,applies,unknown
A0063,r-777a6012,applies,unknown
A0063,r-d4a56cd0,applies,unknown
A0064,r-10c48ed7,applies,unknown
A0064,r-d4a56cd0,applies,unknown
A0065,r-10c48ed7,applies,unknown
A0065,r-777a6012,applies,unknown
A0065,r-d4a56cd0,applies,unknown
A0066,r-027144eb,applies,unknown
A0066,r-1f90d32d,does_not_apply,unknown
A0066,r-21673199,applies,unknown
A0066,r-278c32e2,applies,unknown
A0066,r-27f4d965,applies,unknown
A0066,r-2b290690,applies,unknown
A0066,r-30b18f96,applies,unknown
A0066,r-48c8c1b0,superseded,unknown
A0066,r-52dbca2e,applies,unknown
A0066,r-7c8b33f9,applies,unknown
A0066,r-8237b0ce,applies,unknown
A0066,r-869b1a8c,applies,unknown
A0066,r-96f16208,applies,unknown
A0066,r-a2190629,applies,unknown
A0066,r-a3048f26,applies,unknown
A0066,r-ad07550f,applies,unknown
A0066,r-aeb12cba,applies,unknown
A0066,r-e61d4419,applies,unknown
A0066,r-e73f1627,applies,unknown
A0066,r-f06d7c5e,applies,unknown
A0067,r-027144eb,applies,unknown
A0067,r-21673199,applies,unknown
A0067,r-278c32e2,applies,unknown
A0067,r-27f4d965,applies,unknown
A0067,r-2b290690,applies,unknown
A0067,r-30b18f96,applies,unknown
A0067,r-48c8c1b0,superseded,unknown
A0067,r-52dbca2e,applies,unknown
A0067,r-7c8b33f9,applies,unknown
A0067,r-8237b0ce,applies,unknown
A0067,r-869b1a8c,applies,unknown
A0067,r-96f16208,applies,unknown
A0067,r-a2190629,applies,unknown
A0067,r-a3048f26,applies,unknown
A0067,r-ad07550f,applies,unknown
A0067,r-aeb12cba,applies,unknown
A0067,r-e61d4419,applies,unknown
A0067,r-e73f1627,applies,unknown
A0067,r-f06d7c5e,applies,unknown
A0068,r-10c48ed7,applies,unknown
A0068,r-777a6012,applies,unknown
A0068,r-d4a56cd0,applies,unknown
A0069,r-21673199,applies,unknown
A0069,r-278c32e2,applies,unknown
A0069,r-27f4d965,applies,unknown
A0069,r-28dd2ea6,applies,unknown
A0069,r-30b18f96,applies,unknown
A0069,r-48c8c1b0,superseded,unknown
A0069,r-52dbca2e,applies,unknown
A0069,r-74dde1b0,applies,unknown
A0069,r-7c8b33f9,applies,unknown
A0069,r-8237b0ce,applies,unknown
A0069,r-946122d8,applies,unknown
A0069,r-96f16208,applies,unknown
A0069,r-9878a0b8,applies,unknown
A0069,r-a2190629,applies,unknown
A0069,r-a3048f26,applies,unknown
A0069,r-ad07550f,applies,unknown
A0069,r-aeb12cba,applies,unknown
A0069,r-c0776898,applies,unknown
A0069,r-e61d4419,applies,unknown
A0069,r-f06d7c5e,applies,unknown
A0069,r-f7c43eb6,applies,unknown
A0070,r-10c48ed7,applies,unknown
A0070,r-d4a56cd0,applies,unknown
A0071,r-10c48ed7,applies,unknown
A0071,r-d4a56cd0,applies,unknown
A0072,r-21673199,applies,unknown
A0072,r-278c32e2,applies,unknown
A0072,r-27f4d965,applies,unknown
A0072,r-28dd2ea6,applies,unknown
A0072,r-30b18f96,applies,unknown
A0072,r-48c8c1b0,superseded,unknown
A0072,r-52dbca2e,applies,unknown
A0072,r-74dde1b0,applies,unknown
A0072,r-7c8b33f9,applies,unknown
A0072,r-8237b0ce,applies,unknown
A0072,r-946122d8,applies,unknown
A0072,r-96f16208,applies,unknown
A0072,r-9878a0b8,applies,unknown
A0072,r-a2190629,applies,unknown
A0072,r-a3048f26,applies,unknown
A0072,r-ad07550f,applies,unknown
A0072,r-aeb12cba,applies,unknown
A0072,r-c0776898,applies,unknown
A0072,r-e61d4419,applies,unknown
A0072,r-f06d7c5e,applies,unknown
A0072,r-f7c43eb6,applies,unknown
A0073,r-10c48ed7,applies,unknown
A0073,r-d4a56cd0,applies,unknown
A0074,r-027144eb,applies,unknown
A0074,r-21673199,applies,unknown
A0074,r-278c32e2,applies,unknown
A0074,r-27f4d965,applies,unknown
A0074,r-2b290690,applies,unknown
A0074,r-30b18f96,applies,unknown
A0074,r-48c8c1b0,superseded,unknown
A0074,r-52dbca2e,applies,unknown
A0074,r-7c8b33f9,applies,unknown
A0074,r-8237b0ce,applies,unknown
A0074,r-869b1a8c,applies,unknown
A0074,r-96f16208,applies,unknown
A0074,r-a2190629,applies,unknown
A0074,r-a3048f26,applies,unknown
A0074,r-ad07550f,applies,unknown
A0074,r-aeb12cba,applies,unknown
A0074,r-e61d4419,applies,unknown
A0074,r-e73f1627,applies,unknown
A0074,r-f06d7c5e,applies,unknown
A0075,r-10c48ed7,applies,unknown
A0075,r-d4a56cd0,applies,unknown
A0076,r-16f6b5d3,applies,unknown
A0077,r-10c48ed7,applies,unknown
A0077,r-d4a56cd0,applies,unknown
A0078,r-16f6b5d3,applies,unknown
A0079,r-027144eb,applies,unknown
A0079,r-21673199,applies,unknown
A0079,r-278c32e2,applies,unknown
A0079,r-27f4d965,applies,unknown
A0079,r-2b290690,applies,unknown
A0079,r-30b18f96,applies,unknown
A0079,r-48c8c1b0,superseded,unknown
A0079,r-52dbca2e,applies,unknown
A0079,r-7c8b33f9,applies,unknown
A0079,r-8237b0ce,applies,unknown
A0079,r-869b1a8c,applies,unknown
A0079,r-96f16208,applies,unknown
A0079,r-a2190629,applies,unknown
A0079,r-a3048f26,applies,unknown
A0079,r-ad07550f,applies,unknown
A0079,r-aeb12cba,applies,unknown
A0079,r-e61d4419,applies,unknown
A0079,r-e73f1627,applies,unknown
A0079,r-f06d7c5e,applies,unknown
A0080,r-027144eb,applies,unknown
A0080,r-1f90d32d,does_not_apply,unknown
A0080,r-21673199,applies,unknown
A0080,r-278c32e2,applies,unknown
A0080,r-27f4d965,applies,unknown
A0080,r-2b290690,applies,unknown
A0080,r-30b18f96,applies,unknown
A0080,r-48c8c1b0,superseded,unknown
A0080,r-52dbca2e,applies,unknown
A0080,r-7c8b33f9,applies,unknown
A0080,r-8237b0ce,applies,unknown
A0080,r-869b1a8c,applies,unknown
A0080,r-96f16208,applies,unknown
A0080,r-a2190629,applies,unknown
A0080,r-a3048f26,applies,unknown
A0080,r-ad07550f,applies,unknown
A0080,r-aeb12cba,applies,unknown
A0080,r-e61d4419,applies,unknown
A0080,r-e73f1627,applies,unknown
A0080,r-f06d7c5e,applies,unknown
A0081,r-21673199,applies,unknown
A0081,r-278c32e2,applies,unknown
A0081,r-27f4d965,applies,unknown
A0081,r-28dd2ea6,applies,unknown
A0081,r-30b18f96,applies,unknown
A0081,r-48c8c1b0,superseded,unknown
A0081,r-52dbca2e,applies,unknown
A0081,r-74dde1b0,applies,unknown
A0081,r-7c8b33f9,applies,unknown
A0081,r-8237b0ce,applies,unknown
A0081,r-946122d8,applies,unknown
A0081,r-96f16208,applies,unknown
A0081,r-9878a0b8,applies,unknown
A0081,r-a2190629,applies,unknown
A0081,r-a3048f26,applies,unknown
A0081,r-ad07550f,applies,unknown
A0081,r-aeb12cba,applies,unknown
A0081,r-c0776898,applies,unknown
A0081,r-e61d4419,applies,unknown
A0081,r-f06d7c5e,applies,unknown
A0081,r-f7c43eb6,applies,unknown
A0082,r-10c48ed7,applies,unknown
A0082,r-d4a56cd0,applies,unknown
A0083,r-10c48ed7,applies,unknown
A0083,r-777a6012,applies,unknown
A0083,r-d4a56cd0,applies,unknown
A0084,r-21673199,applies,unknown
A0084,r-278c32e2,applies,unknown
A0084,r-27f4d965,applies,unknown
A0084,r-28dd2ea6,applies,unknown
A0084,r-30b18f96,applies,unknown
A0084,r-48c8c1b0,superseded,unknown
A0084,r-52dbca2e,applies,unknown
A0084,r-74dde1b0,applies,unknown
A0084,r-7c8b33f9,applies,unknown
A0084,r-8237b0ce,applies,unknown
A0084,r-946122d8,applies,unknown
A0084,r-96f16208,applies,unknown
A0084,r-9878a0b8,applies,unknown
A0084,r-a2190629,applies,unknown
A0084,r-a3048f26,applies,unknown
A0084,r-ad07550f,applies,unknown
A0084,r-aeb12cba,applies,unknown
A0084,r-c0776898,applies,unknown
A0084,r-e61d4419,applies,unknown
A0084,r-f06d7c5e,applies,unknown
A0084,r-f7c43eb6,applies,unknown
A0085,r-21673199,applies,unknown
A0085,r-278c32e2,applies,unknown
A0085,r-27f4d965,applies,unknown
A0085,r-28dd2ea6,applies,unknown
A0085,r-30b18f96,applies,unknown
A0085,r-48c8c1b0,superseded,unknown
A0085,r-52dbca2e,applies,unknown
A0085,r-74dde1b0,applies,unknown
A0085,r-7c8b33f9,applies,unknown
A0085,r-8237b0ce,applies,unknown
A0085,r-946122d8,applies,unknown
A0085,r-96f16208,applies,unknown
A0085,r-9878a0b8,applies,unknown
A0085,r-a2190629,applies,unknown
A0085,r-a3048f26,applies,unknown
A0085,r-ad07550f,applies,unknown
A0085,r-aeb12cba,applies,unknown
A0085,r-c0776898,applies,unknown
A0085,r-e61d4419,applies,unknown
A0085,r-f06d7c5e,applies,unknown
A0085,r-f7c43eb6,applies,unknown
A0086,r-10c48ed7,applies,unknown
A0086,r-d4a56cd0,applies,unknown
A0087,r-16f6b5d3,applies,unknown
A0088,r-21673199,applies,unknown
A0088,r-278c32e2,applies,unknown
A0088,r-27f4d965,applies,unknown
A0088,r-28dd2ea6,applies,unknown
A0088,r-30b18f96,applies,unknown
A0088,r-48c8c1b0,superseded,unknown
A0088,r-52dbca2e,applies,unknown
A0088,r-74dde1b0,applies,unknown
A0088,r-7c8b33f9,applies,unknown
A0088,r-8237b0ce,applies,unknown
A0088,r-946122d8,applies,unknown
A0088,r-96f16208,applies,unknown
A0088,r-9878a0b8,applies,unknown
A0088,r-a2190629,applies,unknown
A0088,r-a3048f26,applies,unknown
A0088,r-ad07550f,applies,unknown
A0088,r-aeb12cba,applies,unknown
A0088,r-c0776898,applies,unknown
A0088,r-e61d4419,applies,unknown
A0088,r-f06d7c5e,applies,unknown
A0088,r-f7c43eb6,applies,unknown
A0089,r-16f6b5d3,applies,unknown
A0090,r-16f6b5d3,applies,unknown
A0091,r-16050310,applies,unknown
A0091,r-21673199,applies,unknown
A0091,r-25e6edf6,applies,unknown
A0091,r-278c32e2,applies,unknown
A0091,r-27f4d965,applies,unknown
A0091,r-30b18f96,applies,unknown
A0091,r-48c8c1b0,superseded,unknown
A0091,r-52dbca2e,applies,unknown
A0091,r-5e569c49,applies,unknown
A0091,r-6fc82c1c,applies,unknown
A0091,r-7c8b33f9,applies,unknown
A0091,r-8237b0ce,applies,unknown
A0091,r-96f16208,applies,unknown
A0091,r-9d61e287,applies,unknown
A0091,r-9e5fe825,applies,unknown
A0091,r-a2190629,applies,unknown
A0091,r-a3048f26,applies,unknown
A0091,r-ad07550f,applies,unknown
A0091,r-aeb12cba,applies,unknown
A0091,r-b0e8e0b7,applies,unknown
A0091,r-b7efbc45,applies,unknown
A0091,r-ddfdad05,applies,unknown
A0091,r-e61d4419,applies,unknown
A0091,r-f06d7c5e,applies,unknown
A0091,r-f642556a,applies,unknown
A0092,r-16050310,applies,unknown
A0092,r-21673199,applies,unknown
A0092,r-25e6edf6,applies,unknown
A0092,r-278c32e2,applies,unknown
A0092,r-27f4d965,applies,unknown
A0092,r-30b18f96,applies,unknown
A0092,r-48c8c1b0,superseded,unknown
A0092,r-52dbca2e,applies,unknown
A0092,r-5e569c49,applies,unknown
A0092,r-6fc82c1c,applies,unknown
A0092,r-7c8b33f9,applies,unknown
A0092,r-8237b0ce,applies,unknown
A0092,r-96f16208,applies,unknown
A0092,r-9d61e287,applies,unknown
A0092,r-9e5fe825,applies,unknown
A0092,r-a2190629,applies,unknown
A0092,r-a3048f26,applies,unknown
A0092,r-ad07550f,applies,unknown
A0092,r-aeb12cba,applies,unknown
A0092,r-b0e8e0b7,applies,unknown
A0092,r-b7efbc45,applies,unknown
A0092,r-ddfdad05,applies,unknown
A0092,r-e61d4419,applies,unknown
A0092,r-f06d7c5e,applies,unknown
A0092,r-f642556a,applies,unknown
A0093,r-10c48ed7,applies,unknown
A0093,r-777a6012,applies,unknown
A0093,r-d4a56cd0,applies,unknown
A0094,r-21673199,applies,unknown
A0094,r-278c32e2,applies,unknown
A0094,r-27f4d965,applies,unknown
A0094,r-30b18f96,applies,unknown
A0094,r-48c8c1b0,superseded,unknown
A0094,r-4a9e3484,applies,unknown
A0094,r-52dbca2e,applies,unknown
A0094,r-5ef71379,applies,unknown
A0094,r-7c8b33f9,applies,unknown
A0094,r-8237b0ce,applies,unknown
A0094,r-96f16208,applies,unknown
A0094,r-a2190629,applies,unknown
A0094,r-a3048f26,applies,unknown
A0094,r-ad07550f,applies,unknown
A0094,r-aeb12cba,applies,unknown
A0094,r-e61d4419,applies,unknown
A0094,r-f06d7c5e,applies,unknown
A0095,r-10c48ed7,applies,unknown
A0095,r-d4a56cd0,applies,unknown
A0096,r-10c48ed7,applies,unknown
A0096,r-777a6012,applies,unknown
A0096,r-d4a56cd0,applies,unknown
A0097,r-21673199,applies,unknown
A0097,r-278c32e2,applies,unknown
A0097,r-27f4d965,applies,unknown
A0097,r-28dd2ea6,applies,unknown
A0097,r-30b18f96,applies,unknown
A0097,r-48c8c1b0,superseded,unknown
A0097,r-52dbca2e,applies,unknown
A0097,r-74dde1b0,applies,unknown
A0097,r-7c8b33f9,applies,unknown
A0097,r-8237b0ce,applies,unknown
A0097,r-946122d8,applies,unknown
A0097,r-96f16208,applies,unknown
A0097,r-9878a0b8,applies,unknown
A0097,r-a2190629,applies,unknown
A0097,r-a3048f26,applies,unknown
A0097,r-ad07550f,applies,unknown
A0097,r-aeb12cba,applies,unknown
A0097,r-c0776898,applies,unknown
A0097,r-e61d4419,applies,unknown
A0097,r-f06d7c5e,applies,unknown
A0097,r-f7c43eb6,applies,unknown
A0098,r-10c48ed7,applies,unknown
A0098,r-d4a56cd0,applies,unknown
A0099,r-16f6b5d3,applies,unknown
A0100,r-21673199,applies,unknown
A0100,r-278c32e2,applies,unknown
A0100,r-27f4d965,applies,unknown
A0100,r-30b18f96,applies,unknown
A0100,r-48c8c1b0,superseded,unknown
A0100,r-4a9e3484,applies,unknown
A0100,r-52dbca2e,applies,unknown
A0100,r-5ef71379,applies,unknown
A0100,r-7c8b33f9,applies,unknown
A0100,r-8237b0ce,applies,unknown
A0100,r-96f16208,applies,unknown
A0100,r-a2190629,applies,unknown
A0100,r-a3048f26,applies,unknown
A0100,r-ad07550f,applies,unknown
A0100,r-aeb12cba,applies,unknown
A0100,r-e61d4419,applies,unknown
A0100,r-f06d7c5e,applies,unknown
A0101,r-16f6b5d3,applies,unknown
A0102,r-16f6b5d3,applies,unknown
A0103,r-16050310,applies,unknown
A0103,r-21673199,applies,unknown
A0103,r-25e6edf6,applies,unknown
A0103,r-278c32e2,applies,unknown
A0103,r-27f4d965,applies,unknown
A0103,r-30b18f96,applies,unknown
A0103,r-48c8c1b0,superseded,unknown
A0103,r-52dbca2e,applies,unknown
A0103,r-5e569c49,applies,unknown
A0103,r-6fc82c1c,applies,unknown
A0103,r-7c8b33f9,applies,unknown
A0103,r-8237b0ce,applies,unknown
A0103,r-96f16208,applies,unknown
A0103,r-9d61e287,applies,unknown
A0103,r-9e5fe825,applies,unknown
A0103,r-a2190629,applies,unknown
A0103,r-a3048f26,applies,unknown
A0103,r-ad07550f,applies,unknown
A0103,r-aeb12cba,applies,unknown
A0103,r-b0e8e0b7,applies,unknown
A0103,r-b7efbc45,applies,unknown
A0103,r-ddfdad05,applies,unknown
A0103,r-e61d4419,applies,unknown
A0103,r-f06d7c5e,applies,unknown
A0103,r-f642556a,applies,unknown
A0104,r-16f6b5d3,applies,unknown
A0105,r-21673199,applies,unknown
A0105,r-278c32e2,applies,unknown
A0105,r-27f4d965,applies,unknown
A0105,r-28dd2ea6,applies,unknown
A0105,r-30b18f96,applies,unknown
A0105,r-48c8c1b0,superseded,unknown
A0105,r-52dbca2e,applies,unknown
A0105,r-74dde1b0,applies,unknown
A0105,r-7c8b33f9,applies,unknown
A0105,r-8237b0ce,applies,unknown
A0105,r-946122d8,applies,unknown
A0105,r-96f16208,applies,unknown
A0105,r-9878a0b8,applies,unknown
A0105,r-a2190629,applies,unknown
A0105,r-a3048f26,applies,unknown
A0105,r-ad07550f,applies,unknown
A0105,r-aeb12cba,applies,unknown
A0105,r-c0776898,applies,unknown
A0105,r-e61d4419,applies,unknown
A0105,r-f06d7c5e,applies,unknown
A0105,r-f7c43eb6,applies,unknown
A0106,r-21673199,applies,unknown
A0106,r-278c32e2,applies,unknown
A0106,r-27f4d965,applies,unknown
A0106,r-28dd2ea6,applies,unknown
A0106,r-30b18f96,applies,unknown
A0106,r-48c8c1b0,superseded,unknown
A0106,r-52dbca2e,applies,unknown
A0106,r-74dde1b0,applies,unknown
A0106,r-7c8b33f9,applies,unknown
A0106,r-8237b0ce,applies,unknown
A0106,r-946122d8,applies,unknown
A0106,r-96f16208,applies,unknown
A0106,r-9878a0b8,applies,unknown
A0106,r-a2190629,applies,unknown
A0106,r-a3048f26,applies,unknown
A0106,r-ad07550f,applies,unknown
A0106,r-aeb12cba,applies,unknown
A0106,r-c0776898,applies,unknown
A0106,r-e61d4419,applies,unknown
A0106,r-f06d7c5e,applies,unknown
A0106,r-f7c43eb6,applies,unknown
A0107,r-027144eb,applies,unknown
A0107,r-21673199,applies,unknown
A0107,r-278c32e2,applies,unknown
A0107,r-27f4d965,applies,unknown
A0107,r-2b290690,applies,unknown
A0107,r-30b18f96,applies,unknown
A0107,r-48c8c1b0,superseded,unknown
A0107,r-52dbca2e,applies,unknown
A0107,r-7c8b33f9,applies,unknown
A0107,r-8237b0ce,applies,unknown
A0107,r-869b1a8c,applies,unknown
A0107,r-96f16208,applies,unknown
A0107,r-a2190629,applies,unknown
A0107,r-a3048f26,applies,unknown
A0107,r-ad07550f,applies,unknown
A0107,r-aeb12cba,applies,unknown
A0107,r-e61d4419,applies,unknown
A0107,r-e73f1627,applies,unknown
A0107,r-f06d7c5e,applies,unknown
A0108,r-16f6b5d3,applies,unknown
A0109,r-16050310,applies,unknown
A0109,r-21673199,applies,unknown
A0109,r-25e6edf6,applies,unknown
A0109,r-278c32e2,applies,unknown
A0109,r-27f4d965,applies,unknown
A0109,r-30b18f96,applies,unknown
A0109,r-48c8c1b0,superseded,unknown
A0109,r-52dbca2e,applies,unknown
A0109,r-5e569c49,applies,unknown
A0109,r-6fc82c1c,applies,unknown
A0109,r-7c8b33f9,applies,unknown
A0109,r-8237b0ce,applies,unknown
A0109,r-96f16208,applies,unknown
A0109,r-9d61e287,applies,unknown
A0109,r-9e5fe825,applies,unknown
A0109,r-a2190629,applies,unknown
A0109,r-a3048f26,applies,unknown
A0109,r-ad07550f,applies,unknown
A0109,r-aeb12cba,applies,unknown
A0109,r-b0e8e0b7,applies,unknown
A0109,r-b7efbc45,applies,unknown
A0109,r-ddfdad05,applies,unknown
A0109,r-e61d4419,applies,unknown
A0109,r-f06d7c5e,applies,unknown
A0109,r-f642556a,applies,unknown
A0110,r-16f6b5d3,applies,unknown
A0111,r-027144eb,applies,unknown
A0111,r-1f90d32d,does_not_apply,unknown
A0111,r-21673199,applies,unknown
A0111,r-278c32e2,applies,unknown
A0111,r-27f4d965,applies,unknown
A0111,r-2b290690,applies,unknown
A0111,r-30b18f96,applies,unknown
A0111,r-48c8c1b0,superseded,unknown
A0111,r-52dbca2e,applies,unknown
A0111,r-7c8b33f9,applies,unknown
A0111,r-8237b0ce,applies,unknown
A0111,r-869b1a8c,applies,unknown
A0111,r-96f16208,applies,unknown
A0111,r-a2190629,applies,unknown
A0111,r-a3048f26,applies,unknown
A0111,r-ad07550f,applies,unknown
A0111,r-aeb12cba,applies,unknown
A0111,r-e61d4419,applies,unknown
A0111,r-e73f1627,applies,unknown
A0111,r-f06d7c5e,applies,unknown
A0112,r-21673199,applies,unknown
A0112,r-278c32e2,applies,unknown
A0112,r-27f4d965,applies,unknown
A0112,r-28dd2ea6,applies,unknown
A0112,r-30b18f96,applies,unknown
A0112,r-48c8c1b0,superseded,unknown
A0112,r-52dbca2e,applies,unknown
A0112,r-74dde1b0,applies,unknown
A0112,r-7c8b33f9,applies,unknown
A0112,r-8237b0ce,applies,unknown
A0112,r-946122d8,applies,unknown
A0112,r-96f16208,applies,unknown
A0112,r-9878a0b8,applies,unknown
A0112,r-a2190629,applies,unknown
A0112,r-a3048f26,applies,unknown
A0112,r-ad07550f,applies,unknown
A0112,r-aeb12cba,applies,unknown
A0112,r-c0776898,applies,unknown
A0112,r-e61d4419,applies,unknown
A0112,r-f06d7c5e,applies,unknown
A0112,r-f7c43eb6,applies,unknown
A0113,r-16050310,applies,unknown
A0113,r-21673199,applies,unknown
A0113,r-25e6edf6,applies,unknown
A0113,r-278c32e2,applies,unknown
A0113,r-27f4d965,applies,unknown
A0113,r-30b18f96,applies,unknown
A0113,r-48c8c1b0,superseded,unknown
A0113,r-52dbca2e,applies,unknown
A0113,r-5e569c49,applies,unknown
A0113,r-6fc82c1c,applies,unknown
A0113,r-7c8b33f9,applies,unknown
A0113,r-8237b0ce,applies,unknown
A0113,r-96f16208,applies,unknown
A0113,r-9d61e287,applies,unknown
A0113,r-9e5fe825,applies,unknown
A0113,r-a2190629,applies,unknown
A0113,r-a3048f26,applies,unknown
A0113,r-ad07550f,applies,unknown
A0113,r-aeb12cba,applies,unknown
A0113,r-b0e8e0b7,applies,unknown
A0113,r-b7efbc45,applies,unknown
A0113,r-ddfdad05,applies,unknown
A0113,r-e61d4419,applies,unknown
A0113,r-f06d7c5e,applies,unknown
A0113,r-f642556a,applies,unknown
A0114,r-21673199,applies,unknown
A0114,r-278c32e2,applies,unknown
A0114,r-27f4d965,applies,unknown
A0114,r-30b18f96,applies,unknown
A0114,r-48c8c1b0,superseded,unknown
A0114,r-4a9e3484,applies,unknown
A0114,r-52dbca2e,applies,unknown
A0114,r-5ef71379,applies,unknown
A0114,r-7c8b33f9,applies,unknown
A0114,r-8237b0ce,applies,unknown
A0114,r-96f16208,applies,unknown
A0114,r-a2190629,applies,unknown
A0114,r-a3048f26,applies,unknown
A0114,r-ad07550f,applies,unknown
A0114,r-aeb12cba,applies,unknown
A0114,r-e61d4419,applies,unknown
A0114,r-f06d7c5e,applies,unknown
A0115,r-21673199,applies,unknown
A0115,r-278c32e2,applies,unknown
A0115,r-27f4d965,applies,unknown
A0115,r-28dd2ea6,applies,unknown
A0115,r-30b18f96,applies,unknown
A0115,r-48c8c1b0,superseded,unknown
A0115,r-52dbca2e,applies,unknown
A0115,r-74dde1b0,applies,unknown
A0115,r-7c8b33f9,applies,unknown
A0115,r-8237b0ce,applies,unknown
A0115,r-946122d8,applies,unknown
A0115,r-96f16208,applies,unknown
A0115,r-9878a0b8,applies,unknown
A0115,r-a2190629,applies,unknown
A0115,r-a3048f26,applies,unknown
A0115,r-ad07550f,applies,unknown
A0115,r-aeb12cba,applies,unknown
A0115,r-c0776898,applies,unknown
A0115,r-e61d4419,applies,unknown
A0115,r-f06d7c5e,applies,unknown
A0115,r-f7c43eb6,applies,unknown
A0116,r-16f6b5d3,applies,unknown
A0117,r-027144eb,applies,unknown
A0117,r-21673199,applies,unknown
A0117,r-278c32e2,applies,unknown
A0117,r-27f4d965,applies,unknown
A0117,r-2b290690,applies,unknown
A0117,r-30b18f96,applies,unknown
A0117,r-48c8c1b0,superseded,unknown
A0117,r-52dbca2e,applies,unknown
A0117,r-7c8b33f9,applies,unknown
A0117,r-8237b0ce,applies,unknown
A0117,r-869b1a8c,applies,unknown
A0117,r-96f16208,applies,unknown
A0117,r-a2190629,applies,unknown
A0117,r-a3048f26,applies,unknown
A0117,r-ad07550f,applies,unknown
A0117,r-aeb12cba,applies,unknown
A0117,r-e61d4419,applies,unknown
A0117,r-e73f1627,applies,unknown
A0117,r-f06d7c5e,applies,unknown
A0118,r-10c48ed7,applies,unknown
A0118,r-777a6012,applies,unknown
A0118,r-d4a56cd0,applies,unknown
A0119,r-16f6b5d3,applies,unknown
A0120,r-16f6b5d3,applies,unknown
A0121,r-21673199,applies,unknown
A0121,r-278c32e2,applies,unknown
A0121,r-27f4d965,applies,unknown
A0121,r-30b18f96,applies,unknown
A0121,r-48c8c1b0,superseded,unknown
A0121,r-4a9e3484,applies,unknown
A0121,r-52dbca2e,applies,unknown
A0121,r-5ef71379,applies,unknown
A0121,r-7c8b33f9,applies,unknown
A0121,r-8237b0ce,applies,unknown
A0121,r-96f16208,applies,unknown
A0121,r-a2190629,applies,unknown
A0121,r-a3048f26,applies,unknown
A0121,r-ad07550f,applies,unknown
A0121,r-aeb12cba,applies,unknown
A0121,r-e61d4419,applies,unknown
A0121,r-f06d7c5e,applies,unknown
A0122,r-027144eb,applies,unknown
A0122,r-21673199,applies,unknown
A0122,r-278c32e2,applies,unknown
A0122,r-27f4d965,applies,unknown
A0122,r-2b290690,applies,unknown
A0122,r-30b18f96,applies,unknown
A0122,r-48c8c1b0,superseded,unknown
A0122,r-52dbca2e,applies,unknown
A0122,r-7c8b33f9,applies,unknown
A0122,r-8237b0ce,applies,unknown
A0122,r-869b1a8c,applies,unknown
A0122,r-96f16208,applies,unknown
A0122,r-a2190629,applies,unknown
A0122,r-a3048f26,applies,unknown
A0122,r-ad07550f,applies,unknown
A0122,r-aeb12cba,applies,unknown
A0122,r-e61d4419,applies,unknown
A0122,r-e73f1627,applies,unknown
A0122,r-f06d7c5e,applies,unknown
A0123,r-10c48ed7,applies,unknown
A0123,r-777a6012,applies,unknown
A0123,r-d4a56cd0,applies,unknown
A0124,r-10c48ed7,applies,unknown
A0124,r-d4a56cd0,applies,unknown
A0125,r-16f6b5d3,applies,unknown
A0126,r-21673199,applies,unknown
A0126,r-278c32e2,applies,unknown
A0126,r-27f4d965,applies,unknown
A0126,r-28dd2ea6,applies,unknown
A0126,r-30b18f96,applies,unknown
A0126,r-48c8c1b0,superseded,unknown
A0126,r-52dbca2e,applies,unknown
A0126,r-74dde1b0,applies,unknown
A0126,r-7c8b33f9,applies,unknown
A0126,r-8237b0ce,applies,unknown
A0126,r-946122d8,applies,unknown
A0126,r-96f16208,applies,unknown
A0126,r-9878a0b8,applies,unknown
A0126,r-a2190629,applies,unknown
A0126,r-a3048f26,applies,unknown
A0126,r-ad07550f,applies,unknown
A0126,r-aeb12cba,applies,unknown
A0126,r-c0776898,applies,unknown
A0126,r-e61d4419,applies,unknown
A0126,r-f06d7c5e,applies,unknown
A0126,r-f7c43eb6,applies,unknown
A0127,r-21673199,applies,unknown
A0127,r-278c32e2,applies,unknown
A0127,r-27f4d965,applies,unknown
A0127,r-30b18f96,applies,unknown
A0127,r-52dbca2e,applies,unknown
A0127,r-7c8b33f9,applies,unknown
A0127,r-8237b0ce,applies,unknown
A0127,r-96f16208,applies,unknown
A0127,r-a0daef9e,does_not_apply,unknown
A0127,r-a2190629,applies,unknown
A0127,r-a3048f26,applies,unknown
A0127,r-ad07550f,applies,unknown
A0127,r-aeb12cba,applies,unknown
A0127,r-e61d4419,applies,unknown
A0127,r-f06d7c5e,applies,unknown
A0128,r-10c48ed7,applies,unknown
A0128,r-d4a56cd0,applies,unknown
A0129,r-16f6b5d3,applies,unknown
A0130,r-16f6b5d3,applies,unknown
A0131,r-16f6b5d3,applies,unknown
A0132,r-16f6b5d3,applies,unknown
A0133,r-027144eb,applies,unknown
A0133,r-21673199,applies,unknown
A0133,r-278c32e2,applies,unknown
A0133,r-27f4d965,applies,unknown
A0133,r-2b290690,applies,unknown
A0133,r-30b18f96,applies,unknown
A0133,r-48c8c1b0,superseded,unknown
A0133,r-52dbca2e,applies,unknown
A0133,r-7c8b33f9,applies,unknown
A0133,r-8237b0ce,applies,unknown
A0133,r-869b1a8c,applies,unknown
A0133,r-96f16208,applies,unknown
A0133,r-a2190629,applies,unknown
A0133,r-a3048f26,applies,unknown
A0133,r-ad07550f,applies,unknown
A0133,r-aeb12cba,applies,unknown
A0133,r-e61d4419,applies,unknown
A0133,r-e73f1627,applies,unknown
A0133,r-f06d7c5e,applies,unknown
A0134,r-10c48ed7,applies,unknown
A0134,r-777a6012,applies,unknown
A0134,r-d4a56cd0,applies,unknown
A0135,r-21673199,applies,unknown
A0135,r-278c32e2,applies,unknown
A0135,r-27f4d965,applies,unknown
A0135,r-28dd2ea6,applies,unknown
A0135,r-30b18f96,applies,unknown
A0135,r-48c8c1b0,superseded,unknown
A0135,r-52dbca2e,applies,unknown
A0135,r-74dde1b0,applies,unknown
A0135,r-7c8b33f9,applies,unknown
A0135,r-8237b0ce,applies,unknown
A0135,r-946122d8,applies,unknown
A0135,r-96f16208,applies,unknown
A0135,r-9878a0b8,applies,unknown
A0135,r-a2190629,applies,unknown
A0135,r-a3048f26,applies,unknown
A0135,r-ad07550f,applies,unknown
A0135,r-aeb12cba,applies,unknown
A0135,r-c0776898,applies,unknown
A0135,r-e61d4419,applies,unknown
A0135,r-f06d7c5e,applies,unknown
A0135,r-f7c43eb6,applies,unknown
A0136,r-16f6b5d3,applies,unknown
A0137,r-16f6b5d3,applies,unknown
A0138,r-027144eb,applies,unknown
A0138,r-21673199,applies,unknown
A0138,r-278c32e2,applies,unknown
A0138,r-27f4d965,applies,unknown
A0138,r-2b290690,applies,unknown
A0138,r-30b18f96,applies,unknown
A0138,r-48c8c1b0,superseded,unknown
A0138,r-52dbca2e,applies,unknown
A0138,r-7c8b33f9,applies,unknown
A0138,r-8237b0ce,applies,unknown
A0138,r-869b1a8c,applies,unknown
A0138,r-96f16208,applies,unknown
A0138,r-a2190629,applies,unknown
A0138,r-a3048f26,applies,unknown
A0138,r-ad07550f,applies,unknown
A0138,r-aeb12cba,applies,unknown
A0138,r-e61d4419,applies,unknown
A0138,r-e73f1627,applies,unknown
A0138,r-f06d7c5e,applies,unknown
A0139,r-16f6b5d3,applies,unknown
A0140,r-10c48ed7,applies,unknown
A0140,r-777a6012,applies,unknown
A0140,r-d4a56cd0,applies,unknown
A0141,r-21673199,applies,unknown
A0141,r-278c32e2,applies,unknown
A0141,r-27f4d965,applies,unknown
A0141,r-28dd2ea6,applies,unknown
A0141,r-30b18f96,applies,unknown
A0141,r-48c8c1b0,superseded,unknown
A0141,r-52dbca2e,applies,unknown
A0141,r-74dde1b0,applies,unknown
A0141,r-7c8b33f9,applies,unknown
A0141,r-8237b0ce,applies,unknown
A0141,r-946122d8,applies,unknown
A0141,r-96f16208,applies,unknown
A0141,r-9878a0b8,applies,unknown
A0141,r-a2190629,applies,unknown
A0141,r-a3048f26,applies,unknown
A0141,r-ad07550f,applies,unknown
A0141,r-aeb12cba,applies,unknown
A0141,r-c0776898,applies,unknown
A0141,r-e61d4419,applies,unknown
A0141,r-f06d7c5e,applies,unknown
A0141,r-f7c43eb6,applies,unknown
A0142,r-027144eb,applies,unknown
A0142,r-21673199,applies,unknown
A0142,r-278c32e2,applies,unknown
A0142,r-27f4d965,applies,unknown
A0142,r-2b290690,applies,unknown
A0142,r-30b18f96,applies,unknown
A0142,r-48c8c1b0,superseded,unknown
A0142,r-52dbca2e,applies,unknown
A0142,r-7c8b33f9,applies,unknown
A0142,r-8237b0ce,applies,unknown
A0142,r-869b1a8c,applies,unknown
A0142,r-96f16208,applies,unknown
A0142,r-a2190629,applies,unknown
A0142,r-a3048f26,applies,unknown
A0142,r-ad07550f,applies,unknown
A0142,r-aeb12cba,applies,unknown
A0142,r-e61d4419,applies,unknown
A0142,r-e73f1627,applies,unknown
A0142,r-f06d7c5e,applies,unknown
A0143,r-10c48ed7,applies,unknown
A0143,r-777a6012,applies,unknown
A0143,r-d4a56cd0,applies,unknown
A0144,r-10c48ed7,applies,unknown
A0144,r-777a6012,applies,unknown
A0144,r-d4a56cd0,applies,unknown
A0145,r-21673199,applies,unknown
A0145,r-278c32e2,applies,unknown
A0145,r-27f4d965,applies,unknown
A0145,r-30b18f96,applies,unknown
A0145,r-48c8c1b0,superseded,unknown
A0145,r-4a9e3484,applies,unknown
A0145,r-52dbca2e,applies,unknown
A0145,r-5ef71379,applies,unknown
A0145,r-7c8b33f9,applies,unknown
A0145,r-8237b0ce,applies,unknown
A0145,r-96f16208,applies,unknown
A0145,r-a2190629,applies,unknown
A0145,r-a3048f26,applies,unknown
A0145,r-ad07550f,applies,unknown
A0145,r-aeb12cba,applies,unknown
A0145,r-e61d4419,applies,unknown
A0145,r-f06d7c5e,applies,unknown
A0146,r-16f6b5d3,applies,unknown
A0147,r-21673199,applies,unknown
A0147,r-278c32e2,applies,unknown
A0147,r-27f4d965,applies,unknown
A0147,r-28dd2ea6,applies,unknown
A0147,r-30b18f96,applies,unknown
A0147,r-48c8c1b0,superseded,unknown
A0147,r-52dbca2e,applies,unknown
A0147,r-74dde1b0,applies,unknown
A0147,r-7c8b33f9,applies,unknown
A0147,r-8237b0ce,applies,unknown
A0147,r-946122d8,applies,unknown
A0147,r-96f16208,applies,unknown
A0147,r-9878a0b8,applies,unknown
A0147,r-a2190629,applies,unknown
A0147,r-a3048f26,applies,unknown
A0147,r-ad07550f,applies,unknown
A0147,r-aeb12cba,applies,unknown
A0147,r-c0776898,applies,unknown
A0147,r-e61d4419,applies,unknown
A0147,r-f06d7c5e,applies,unknown
A0147,r-f7c43eb6,applies,unknown
A0148,r-16f6b5d3,applies,unknown
A0149,r-10c48ed7,applies,unknown
A0149,r-777a6012,applies,unknown
A0149,r-d4a56cd0,applies,unknown
A0150,r-21673199,applies,unknown
A0150,r-278c32e2,applies,unknown
A0150,r-27f4d965,applies,unknown
A0150,r-30b18f96,applies,unknown
A0150,r-52dbca2e,applies,unknown
A0150,r-7c8b33f9,applies,unknown
A0150,r-8237b0ce,applies,unknown
A0150,r-96f16208,applies,unknown
A0150,r-a2190629,applies,unknown
A0150,r-a3048f26,applies,unknown
A0150,r-ad07550f,applies,unknown
A0150,r-aeb12cba,applies,unknown
A0150,r-e61d4419,applies,unknown
A0150,r-f06d7c5e,applies,unknown
A0151,r-10c48ed7,applies,unknown
A0151,r-777a6012,applies,unknown
A0151,r-d4a56cd0,applies,unknown
A0152,r-21673199,applies,unknown
A0152,r-278c32e2,applies,unknown
A0152,r-27f4d965,applies,unknown
A0152,r-30b18f96,applies,unknown
A0152,r-48c8c1b0,superseded,unknown
A0152,r-4a9e3484,applies,unknown
A0152,r-52dbca2e,applies,unknown
A0152,r-5ef71379,applies,unknown
A0152,r-7c8b33f9,applies,unknown
A0152,r-8237b0ce,applies,unknown
A0152,r-96f16208,applies,unknown
A0152,r-a2190629,applies,unknown
A0152,r-a3048f26,applies,unknown
A0152,r-ad07550f,applies,unknown
A0152,r-aeb12cba,applies,unknown
A0152,r-e61d4419,applies,unknown
A0152,r-f06d7c5e,applies,unknown
A0153,r-027144eb,applies,unknown
A0153,r-21673199,applies,unknown
A0153,r-278c32e2,applies,unknown
A0153,r-27f4d965,applies,unknown
A0153,r-2b290690,applies,unknown
A0153,r-30b18f96,applies,unknown
A0153,r-48c8c1b0,superseded,unknown
A0153,r-52dbca2e,applies,unknown
A0153,r-7c8b33f9,applies,unknown
A0153,r-8237b0ce,applies,unknown
A0153,r-869b1a8c,applies,unknown
A0153,r-96f16208,applies,unknown
A0153,r-a2190629,applies,unknown
A0153,r-a3048f26,applies,unknown
A0153,r-ad07550f,applies,unknown
A0153,r-aeb12cba,applies,unknown
A0153,r-e61d4419,applies,unknown
A0153,r-e73f1627,applies,unknown
A0153,r-f06d7c5e,applies,unknown
A0154,r-21673199,applies,unknown
A0154,r-278c32e2,applies,unknown
A0154,r-27f4d965,applies,unknown
A0154,r-30b18f96,applies,unknown
A0154,r-48c8c1b0,superseded,unknown
A0154,r-4a9e3484,applies,unknown
A0154,r-52dbca2e,applies,unknown
A0154,r-5ef71379,applies,unknown
A0154,r-7c8b33f9,applies,unknown
A0154,r-8237b0ce,applies,unknown
A0154,r-96f16208,applies,unknown
A0154,r-a2190629,applies,unknown
A0154,r-a3048f26,applies,unknown
A0154,r-ad07550f,applies,unknown
A0154,r-aeb12cba,applies,unknown
A0154,r-e61d4419,applies,unknown
A0154,r-f06d7c5e,applies,unknown
A0155,r-10c48ed7,applies,unknown
A0155,r-777a6012,applies,unknown
A0155,r-d4a56cd0,applies,unknown
A0156,r-21673199,applies,unknown
A0156,r-278c32e2,applies,unknown
A0156,r-27f4d965,applies,unknown
A0156,r-28dd2ea6,applies,unknown
A0156,r-30b18f96,applies,unknown
A0156,r-48c8c1b0,superseded,unknown
A0156,r-52dbca2e,applies,unknown
A0156,r-74dde1b0,applies,unknown
A0156,r-7c8b33f9,applies,unknown
A0156,r-8237b0ce,applies,unknown
A0156,r-946122d8,applies,unknown
A0156,r-96f16208,applies,unknown
A0156,r-9878a0b8,applies,unknown
A0156,r-a2190629,applies,unknown
A0156,r-a3048f26,applies,unknown
A0156,r-ad07550f,applies,unknown
A0156,r-aeb12cba,applies,unknown
A0156,r-c0776898,applies,unknown
A0156,r-e61d4419,applies,unknown
A0156,r-f06d7c5e,applies,unknown
A0156,r-f7c43eb6,applies,unknown
A0157,r-16050310,applies,unknown
A0157,r-21673199,applies,unknown
A0157,r-25e6edf6,applies,unknown
A0157,r-278c32e2,applies,unknown
A0157,r-27f4d965,applies,unknown
A0157,r-30b18f96,applies,unknown
A0157,r-48c8c1b0,superseded,unknown
A0157,r-52dbca2e,applies,unknown
A0157,r-5e569c49,applies,unknown
A0157,r-6fc82c1c,applies,unknown
A0157,r-7c8b33f9,applies,unknown
A0157,r-8237b0ce,applies,unknown
A0157,r-96f16208,applies,unknown
A0157,r-9d61e287,applies,unknown
A0157,r-9e5fe825,applies,unknown
A0157,r-a2190629,applies,unknown
A0157,r-a3048f26,applies,unknown
A0157,r-ad07550f,applies,unknown
A0157,r-aeb12cba,applies,unknown
A0157,r-b0e8e0b7,applies,unknown
A0157,r-b7efbc45,applies,unknown
A0157,r-ddfdad05,applies,unknown
A0157,r-e61d4419,applies,unknown
A0157,r-f06d7c5e,applies,unknown
A0157,r-f642556a,applies,unknown
A0158,r-16050310,applies,unknown
A0158,r-21673199,applies,unknown
A0158,r-25e6edf6,applies,unknown
A0158,r-278c32e2,applies,unknown
A0158,r-27f4d965,applies,unknown
A0158,r-30b18f96,applies,unknown
A0158,r-48c8c1b0,superseded,unknown
A0158,r-52dbca2e,applies,unknown
A0158,r-5e569c49,applies,unknown
A0158,r-6fc82c1c,applies,unknown
A0158,r-7c8b33f9,applies,unknown
A0158,r-8237b0ce,applies,unknown
A0158,r-96f16208,applies,unknown
A0158,r-9d61e287,applies,unknown
A0158,r-9e5fe825,applies,unknown
A0158,r-a2190629,applies,unknown
A0158,r-a3048f26,applies,unknown
A0158,r-ad07550f,applies,unknown
A0158,r-aeb12cba,applies,unknown
A0158,r-b0e8e0b7,applies,unknown
A0158,r-b7efbc45,applies,unknown
A0158,r-ddfdad05,applies,unknown
A0158,r-e61d4419,applies,unknown
A0158,r-f06d7c5e,applies,unknown
A0158,r-f642556a,applies,unknown
A0159,r-16f6b5d3,applies,unknown
A0160,r-16f6b5d3,applies,unknown
A0161,r-16f6b5d3,applies,unknown
A0162,r-027144eb,applies,unknown
A0162,r-1f90d32d,does_not_apply,unknown
A0162,r-21673199,applies,unknown
A0162,r-278c32e2,applies,unknown
A0162,r-27f4d965,applies,unknown
A0162,r-2b290690,applies,unknown
A0162,r-30b18f96,applies,unknown
A0162,r-48c8c1b0,superseded,unknown
A0162,r-52dbca2e,applies,unknown
A0162,r-7c8b33f9,applies,unknown
A0162,r-8237b0ce,applies,unknown
A0162,r-869b1a8c,applies,unknown
A0162,r-96f16208,applies,unknown
A0162,r-a2190629,applies,unknown
A0162,r-a3048f26,applies,unknown
A0162,r-ad07550f,applies,unknown
A0162,r-aeb12cba,applies,unknown
A0162,r-e61d4419,applies,unknown
A0162,r-e73f1627,applies,unknown
A0162,r-f06d7c5e,applies,unknown
A0163,r-16f6b5d3,applies,unknown
A0164,r-21673199,applies,unknown
A0164,r-278c32e2,applies,unknown
A0164,r-27f4d965,applies,unknown
A0164,r-28dd2ea6,applies,unknown
A0164,r-30b18f96,applies,unknown
A0164,r-48c8c1b0,superseded,unknown
A0164,r-52dbca2e,applies,unknown
A0164,r-74dde1b0,applies,unknown
A0164,r-7c8b33f9,applies,unknown
A0164,r-8237b0ce,applies,unknown
A0164,r-946122d8,applies,unknown
A0164,r-96f16208,applies,unknown
A0164,r-9878a0b8,applies,unknown
A0164,r-a2190629,applies,unknown
A0164,r-a3048f26,applies,unknown
A0164,r-ad07550f,applies,unknown
A0164,r-aeb12cba,applies,unknown
A0164,r-c0776898,applies,unknown
A0164,r-e61d4419,applies,unknown
A0164,r-f06d7c5e,applies,unknown
A0164,r-f7c43eb6,applies,unknown
A0165,r-21673199,applies,unknown
A0165,r-278c32e2,applies,unknown
A0165,r-27f4d965,applies,unknown
A0165,r-30b18f96,applies,unknown
A0165,r-48c8c1b0,superseded,unknown
A0165,r-4a9e3484,applies,unknown
A0165,r-52dbca2e,applies,unknown
A0165,r-5ef71379,applies,unknown
A0165,r-7c8b33f9,applies,unknown
A0165,r-8237b0ce,applies,unknown
A0165,r-96f16208,applies,unknown
A0165,r-a2190629,applies,unknown
A0165,r-a3048f26,applies,unknown
A0165,r-ad07550f,applies,unknown
A0165,r-aeb12cba,applies,unknown
A0165,r-e61d4419,applies,unknown
A0165,r-f06d7c5e,applies,unknown
A0166,r-10c48ed7,applies,unknown
A0166,r-d4a56cd0,applies,unknown
A0167,r-21673199,applies,unknown
A0167,r-278c32e2,applies,unknown
A0167,r-27f4d965,applies,unknown
A0167,r-30b18f96,applies,unknown
A0167,r-48c8c1b0,superseded,unknown
A0167,r-4a9e3484,applies,unknown
A0167,r-52dbca2e,applies,unknown
A0167,r-5ef71379,applies,unknown
A0167,r-7c8b33f9,applies,unknown
A0167,r-8237b0ce,applies,unknown
A0167,r-96f16208,applies,unknown
A0167,r-a2190629,applies,unknown
A0167,r-a3048f26,applies,unknown
A0167,r-ad07550f,applies,unknown
A0167,r-aeb12cba,applies,unknown
A0167,r-e61d4419,applies,unknown
A0167,r-f06d7c5e,applies,unknown
A0168,r-16f6b5d3,applies,unknown
A0169,r-10c48ed7,applies,unknown
A0169,r-777a6012,applies,unknown
A0169,r-d4a56cd0,applies,unknown
A0170,r-027144eb,applies,unknown
A0170,r-1f90d32d,does_not_apply,unknown
A0170,r-21673199,applies,unknown
A0170,r-278c32e2,applies,unknown
A0170,r-27f4d965,applies,unknown
A0170,r-2b290690,applies,unknown
A0170,r-30b18f96,applies,unknown
A0170,r-48c8c1b0,superseded,unknown
A0170,r-52dbca2e,applies,unknown
A0170,r-7c8b33f9,applies,unknown
A0170,r-8237b0ce,applies,unknown
A0170,r-869b1a8c,applies,unknown
A0170,r-96f16208,applies,unknown
A0170,r-a2190629,applies,unknown
A0170,r-a3048f26,applies,unknown
A0170,r-ad07550f,applies,unknown
A0170,r-aeb12cba,applies,unknown
A0170,r-e61d4419,applies,unknown
A0170,r-e73f1627,applies,unknown
A0170,r-f06d7c5e,applies,unknown
A0171,r-16f6b5d3,applies,unknown
A0172,r-027144eb,applies,unknown
A0172,r-21673199,applies,unknown
A0172,r-278c32e2,applies,unknown
A0172,r-27f4d965,applies,unknown
A0172,r-2b290690,applies,unknown
A0172,r-30b18f96,applies,unknown
A0172,r-48c8c1b0,superseded,unknown
A0172,r-52dbca2e,applies,unknown
A0172,r-7c8b33f9,applies,unknown
A0172,r-8237b0ce,applies,unknown
A0172,r-869b1a8c,applies,unknown
A0172,r-96f16208,applies,unknown
A0172,r-a2190629,applies,unknown
A0172,r-a3048f26,applies,unknown
A0172,r-ad07550f,applies,unknown
A0172,r-aeb12cba,applies,unknown
A0172,r-e61d4419,applies,unknown
A0172,r-e73f1627,applies,unknown
A0172,r-f06d7c5e,applies,unknown
A0173,r-027144eb,applies,unknown
A0173,r-21673199,applies,unknown
A0173,r-278c32e2,applies,unknown
A0173,r-27f4d965,applies,unknown
A0173,r-2b290690,applies,unknown
A0173,r-30b18f96,applies,unknown
A0173,r-48c8c1b0,superseded,unknown
A0173,r-52dbca2e,applies,unknown
A0173,r-7c8b33f9,applies,unknown
A0173,r-8237b0ce,applies,unknown
A0173,r-869b1a8c,applies,unknown
A0173,r-96f16208,applies,unknown
A0173,r-a2190629,applies,unknown
A0173,r-a3048f26,applies,unknown
A0173,r-ad07550f,applies,unknown
A0173,r-aeb12cba,applies,unknown
A0173,r-e61d4419,applies,unknown
A0173,r-e73f1627,applies,unknown
A0173,r-f06d7c5e,applies,unknown
A0174,r-10c48ed7,applies,unknown
A0174,r-d4a56cd0,applies,unknown
A0175,r-10c48ed7,applies,unknown
A0175,r-d4a56cd0,applies,unknown
A0176,r-10c48ed7,applies,unknown
A0176,r-d4a56cd0,applies,unknown
A0177,r-16f6b5d3,applies,unknown
A0178,r-027144eb,applies,unknown
A0178,r-21673199,applies,unknown
A0178,r-278c32e2,applies,unknown
A0178,r-27f4d965,applies,unknown
A0178,r-2b290690,applies,unknown
A0178,r-30b18f96,applies,unknown
A0178,r-48c8c1b0,superseded,unknown
A0178,r-52dbca2e,applies,unknown
A0178,r-7c8b33f9,applies,unknown
A0178,r-8237b0ce,applies,unknown
A0178,r-869b1a8c,applies,unknown
A0178,r-96f16208,applies,unknown
A0178,r-a2190629,applies,unknown
A0178,r-a3048f26,applies,unknown
A0178,r-ad07550f,applies,unknown
A0178,r-aeb12cba,applies,unknown
A0178,r-e61d4419,applies,unknown
A0178,r-e73f1627,applies,unknown
A0178,r-f06d7c5e,applies,unknown
A0179,r-027144eb,applies,unknown
A0179,r-21673199,applies,unknown
A0179,r-278c32e2,applies,unknown
A0179,r-27f4d965,applies,unknown
A0179,r-2b290690,applies,unknown
A0179,r-30b18f96,applies,unknown
A0179,r-48c8c1b0,superseded,unknown
A0179,r-52dbca2e,applies,unknown
A0179,r-7c8b33f9,applies,unknown
A0179,r-8237b0ce,applies,unknown
A0179,r-869b1a8c,applies,unknown
A0179,r-96f16208,applies,unknown
A0179,r-a2190629,applies,unknown
A0179,r-a3048f26,applies,unknown
A0179,r-ad07550f,applies,unknown
A0179,r-aeb12cba,applies,unknown
A0179,r-e61d4419,applies,unknown
A0179,r-e73f1627,applies,unknown
A0179,r-f06d7c5e,applies,unknown
A0180,r-027144eb,applies,unknown
A0180,r-1f90d32d,does_not_apply,unknown
A0180,r-21673199,applies,unknown
A0180,r-278c32e2,applies,unknown
A0180,r-27f4d965,applies,unknown
A0180,r-2b290690,applies,unknown
A0180,r-30b18f96,applies,unknown
A0180,r-48c8c1b0,superseded,unknown
A0180,r-52dbca2e,applies,unknown
A0180,r-7c8b33f9,applies,unknown
A0180,r-8237b0ce,applies,unknown
A0180,r-869b1a8c,applies,unknown
A0180,r-96f16208,applies,unknown
A0180,r-a2190629,applies,unknown
A0180,r-a3048f26,applies,unknown
A0180,r-ad07550f,applies,unknown
A0180,r-aeb12cba,applies,unknown
A0180,r-e61d4419,applies,unknown
A0180,r-e73f1627,applies,unknown
A0180,r-f06d7c5e,applies,unknown
A0181,r-16f6b5d3,applies,unknown
A0182,r-16f6b5d3,applies,unknown
A0183,r-16050310,applies,unknown
A0183,r-21673199,applies,unknown
A0183,r-25e6edf6,applies,unknown
A0183,r-278c32e2,applies,unknown
A0183,r-27f4d965,applies,unknown
A0183,r-30b18f96,applies,unknown
A0183,r-48c8c1b0,superseded,unknown
A0183,r-52dbca2e,applies,unknown
A0183,r-5e569c49,applies,unknown
A0183,r-6fc82c1c,applies,unknown
A0183,r-7c8b33f9,applies,unknown
A0183,r-8237b0ce,applies,unknown
A0183,r-96f16208,applies,unknown
A0183,r-9d61e287,applies,unknown
A0183,r-9e5fe825,applies,unknown
A0183,r-a2190629,applies,unknown
A0183,r-a3048f26,applies,unknown
A0183,r-ad07550f,applies,unknown
A0183,r-aeb12cba,applies,unknown
A0183,r-b0e8e0b7,applies,unknown
A0183,r-b7efbc45,applies,unknown
A0183,r-ddfdad05,applies,unknown
A0183,r-e61d4419,applies,unknown
A0183,r-f06d7c5e,applies,unknown
A0183,r-f642556a,applies,unknown
A0184,r-027144eb,applies,unknown
A0184,r-21673199,applies,unknown
A0184,r-278c32e2,applies,unknown
A0184,r-27f4d965,applies,unknown
A0184,r-2b290690,applies,unknown
A0184,r-30b18f96,applies,unknown
A0184,r-48c8c1b0,superseded,unknown
A0184,r-52dbca2e,applies,unknown
A0184,r-7c8b33f9,applies,unknown
A0184,r-8237b0ce,applies,unknown
A0184,r-869b1a8c,applies,unknown
A0184,r-96f16208,applies,unknown
A0184,r-a2190629,applies,unknown
A0184,r-a3048f26,applies,unknown
A0184,r-ad07550f,applies,unknown
A0184,r-aeb12cba,applies,unknown
A0184,r-e61d4419,applies,unknown
A0184,r-e73f1627,applies,unknown
A0184,r-f06d7c5e,applies,unknown
A0185,r-16f6b5d3,applies,unknown
A0186,r-16f6b5d3,applies,unknown
A0187,r-16f6b5d3,applies,unknown
A0188,r-16050310,applies,unknown
A0188,r-21673199,applies,unknown
A0188,r-25e6edf6,applies,unknown
A0188,r-278c32e2,applies,unknown
A0188,r-27f4d965,applies,unknown
A0188,r-30b18f96,applies,unknown
A0188,r-48c8c1b0,superseded,unknown
A0188,r-52dbca2e,applies,unknown
A0188,r-5e569c49,applies,unknown
A0188,r-6fc82c1c,applies,unknown
A0188,r-7c8b33f9,applies,unknown
A0188,r-8237b0ce,applies,unknown
A0188,r-96f16208,applies,unknown
A0188,r-9d61e287,applies,unknown
A0188,r-9e5fe825,applies,unknown
A0188,r-a2190629,applies,unknown
A0188,r-a3048f26,applies,unknown
A0188,r-ad07550f,applies,unknown
A0188,r-aeb12cba,applies,unknown
A0188,r-b0e8e0b7,applies,unknown
A0188,r-b7efbc45,applies,unknown
A0188,r-ddfdad05,applies,unknown
A0188,r-e61d4419,applies,unknown
A0188,r-f06d7c5e,applies,unknown
A0188,r-f642556a,applies,unknown
A0189,r-16050310,applies,unknown
A0189,r-21673199,applies,unknown
A0189,r-25e6edf6,applies,unknown
A0189,r-278c32e2,applies,unknown
A0189,r-27f4d965,applies,unknown
A0189,r-30b18f96,applies,unknown
A0189,r-48c8c1b0,superseded,unknown
A0189,r-52dbca2e,applies,unknown
A0189,r-5e569c49,applies,unknown
A0189,r-6fc82c1c,applies,unknown
A0189,r-7c8b33f9,applies,unknown
A0189,r-8237b0ce,applies,unknown
A0189,r-96f16208,applies,unknown
A0189,r-9d61e287,applies,unknown
A0189,r-9e5fe825,applies,unknown
A0189,r-a2190629,applies,unknown
A0189,r-a3048f26,applies,unknown
A0189,r-ad07550f,applies,unknown
A0189,r-aeb12cba,applies,unknown
A0189,r-b0e8e0b7,applies,unknown
A0189,r-b7efbc45,applies,unknown
A0189,r-ddfdad05,applies,unknown
A0189,r-e61d4419,applies,unknown
A0189,r-f06d7c5e,applies,unknown
A0189,r-f642556a,applies,unknown
A0190,r-16f6b5d3,applies,unknown
A0191,r-10c48ed7,applies,unknown
A0191,r-d4a56cd0,applies,unknown
A0192,r-21673199,applies,unknown
A0192,r-278c32e2,applies,unknown
A0192,r-27f4d965,applies,unknown
A0192,r-28dd2ea6,applies,unknown
A0192,r-30b18f96,applies,unknown
A0192,r-48c8c1b0,superseded,unknown
A0192,r-52dbca2e,applies,unknown
A0192,r-74dde1b0,applies,unknown
A0192,r-7c8b33f9,applies,unknown
A0192,r-8237b0ce,applies,unknown
A0192,r-946122d8,applies,unknown
A0192,r-96f16208,applies,unknown
A0192,r-9878a0b8,applies,unknown
A0192,r-a2190629,applies,unknown
A0192,r-a3048f26,applies,unknown
A0192,r-ad07550f,applies,unknown
A0192,r-aeb12cba,applies,unknown
A0192,r-c0776898,applies,unknown
A0192,r-e61d4419,applies,unknown
A0192,r-f06d7c5e,applies,unknown
A0192,r-f7c43eb6,applies,unknown
A0193,r-16050310,applies,unknown
A0193,r-21673199,applies,unknown
A0193,r-25e6edf6,applies,unknown
A0193,r-278c32e2,applies,unknown
A0193,r-27f4d965,applies,unknown
A0193,r-30b18f96,applies,unknown
A0193,r-48c8c1b0,superseded,unknown
A0193,r-52dbca2e,applies,unknown
A0193,r-5e569c49,applies,unknown
A0193,r-6fc82c1c,applies,unknown
A0193,r-7c8b33f9,applies,unknown
A0193,r-8237b0ce,applies,unknown
A0193,r-96f16208,applies,unknown
A0193,r-9d61e287,applies,unknown
A0193,r-9e5fe825,applies,unknown
A0193,r-a2190629,applies,unknown
A0193,r-a3048f26,applies,unknown
A0193,r-ad07550f,applies,unknown
A0193,r-aeb12cba,applies,unknown
A0193,r-b0e8e0b7,applies,unknown
A0193,r-b7efbc45,applies,unknown
A0193,r-ddfdad05,applies,unknown
A0193,r-e61d4419,applies,unknown
A0193,r-f06d7c5e,applies,unknown
A0193,r-f642556a,applies,unknown
A0194,r-10c48ed7,applies,unknown
A0194,r-777a6012,applies,unknown
A0194,r-d4a56cd0,applies,unknown
A0195,r-10c48ed7,applies,unknown
A0195,r-777a6012,applies,unknown
A0195,r-d4a56cd0,applies,unknown
A0196,r-027144eb,applies,unknown
A0196,r-21673199,applies,unknown
A0196,r-278c32e2,applies,unknown
A0196,r-27f4d965,applies,unknown
A0196,r-2b290690,applies,unknown
A0196,r-30b18f96,applies,unknown
A0196,r-48c8c1b0,superseded,unknown
A0196,r-52dbca2e,applies,unknown
A0196,r-7c8b33f9,applies,unknown
A0196,r-8237b0ce,applies,unknown
A0196,r-869b1a8c,applies,unknown
A0196,r-96f16208,applies,unknown
A0196,r-a2190629,applies,unknown
A0196,r-a3048f26,applies,unknown
A0196,r-ad07550f,applies,unknown
A0196,r-aeb12cba,applies,unknown
A0196,r-e61d4419,applies,unknown
A0196,r-e73f1627,applies,unknown
A0196,r-f06d7c5e,applies,unknown
A0197,r-16050310,applies,unknown
A0197,r-21673199,applies,unknown
A0197,r-25e6edf6,applies,unknown
A0197,r-278c32e2,applies,unknown
A0197,r-27f4d965,applies,unknown
A0197,r-30b18f96,applies,unknown
A0197,r-48c8c1b0,superseded,unknown
A0197,r-52dbca2e,applies,unknown
A0197,r-5e569c49,applies,unknown
A0197,r-6fc82c1c,applies,unknown
A0197,r-7c8b33f9,applies,unknown
A0197,r-8237b0ce,applies,unknown
A0197,r-96f16208,applies,unknown
A0197,r-9d61e287,applies,unknown
A0197,r-9e5fe825,applies,unknown
A0197,r-a2190629,applies,unknown
A0197,r-a3048f26,applies,unknown
A0197,r-ad07550f,applies,unknown
A0197,r-aeb12cba,applies,unknown
A0197,r-b0e8e0b7,applies,unknown
A0197,r-b7efbc45,applies,unknown
A0197,r-ddfdad05,applies,unknown
A0197,r-e61d4419,applies,unknown
A0197,r-f06d7c5e,applies,unknown
A0197,r-f642556a,applies,unknown
A0198,r-10c48ed7,applies,unknown
A0198,r-777a6012,applies,unknown
A0198,r-d4a56cd0,applies,unknown
A0199,r-10c48ed7,applies,unknown
A0199,r-d4a56cd0,applies,unknown
A0200,r-027144eb,applies,unknown
A0200,r-21673199,applies,unknown
A0200,r-278c32e2,applies,unknown
A0200,r-27f4d965,applies,unknown
A0200,r-2b290690,applies,unknown
A0200,r-30b18f96,applies,unknown
A0200,r-48c8c1b0,superseded,unknown
A0200,r-52dbca2e,applies,unknown
A0200,r-7c8b33f9,applies,unknown
A0200,r-8237b0ce,applies,unknown
A0200,r-869b1a8c,applies,unknown
A0200,r-96f16208,applies,unknown
A0200,r-a2190629,applies,unknown
A0200,r-a3048f26,applies,unknown
A0200,r-ad07550f,applies,unknown
A0200,r-aeb12cba,applies,unknown
A0200,r-e61d4419,applies,unknown
A0200,r-e73f1627,applies,unknown
A0200,r-f06d7c5e,applies,unknown
A0201,r-16050310,applies,unknown
A0201,r-21673199,applies,unknown
A0201,r-25e6edf6,applies,unknown
A0201,r-278c32e2,applies,unknown
A0201,r-27f4d965,applies,unknown
A0201,r-30b18f96,applies,unknown
A0201,r-48c8c1b0,superseded,unknown
A0201,r-52dbca2e,applies,unknown
A0201,r-5e569c49,applies,unknown
A0201,r-6fc82c1c,applies,unknown
A0201,r-7c8b33f9,applies,unknown
A0201,r-8237b0ce,applies,unknown
A0201,r-96f16208,applies,unknown
A0201,r-9d61e287,applies,unknown
A0201,r-9e5fe825,applies,unknown
A0201,r-a2190629,applies,unknown
A0201,r-a3048f26,applies,unknown
A0201,r-ad07550f,applies,unknown
A0201,r-aeb12cba,applies,unknown
A0201,r-b0e8e0b7,applies,unknown
A0201,r-b7efbc45,applies,unknown
A0201,r-ddfdad05,applies,unknown
A0201,r-e61d4419,applies,unknown
A0201,r-f06d7c5e,applies,unknown
A0201,r-f642556a,applies,unknown
A0202,r-21673199,applies,unknown
A0202,r-278c32e2,applies,unknown
A0202,r-27f4d965,applies,unknown
A0202,r-28dd2ea6,applies,unknown
A0202,r-30b18f96,applies,unknown
A0202,r-48c8c1b0,superseded,unknown
A0202,r-52dbca2e,applies,unknown
A0202,r-74dde1b0,applies,unknown
A0202,r-7c8b33f9,applies,unknown
A0202,r-8237b0ce,applies,unknown
A0202,r-946122d8,applies,unknown
A0202,r-96f16208,applies,unknown
A0202,r-9878a0b8,applies,unknown
A0202,r-a2190629,applies,unknown
A0202,r-a3048f26,applies,unknown
A0202,r-ad07550f,applies,unknown
A0202,r-aeb12cba,applies,unknown
A0202,r-c0776898,applies,unknown
A0202,r-e61d4419,applies,unknown
A0202,r-f06d7c5e,applies,unknown
A0202,r-f7c43eb6,applies,unknown
A0203,r-10c48ed7,applies,unknown
A0203,r-777a6012,applies,unknown
A0203,r-d4a56cd0,applies,unknown
A0204,r-16f6b5d3,applies,unknown
A0205,r-16050310,applies,unknown
A0205,r-21673199,applies,unknown
A0205,r-25e6edf6,applies,unknown
A0205,r-278c32e2,applies,unknown
A0205,r-27f4d965,applies,unknown
A0205,r-30b18f96,applies,unknown
A0205,r-48c8c1b0,superseded,unknown
A0205,r-52dbca2e,applies,unknown
A0205,r-5e569c49,applies,unknown
A0205,r-6fc82c1c,applies,unknown
A0205,r-7c8b33f9,applies,unknown
A0205,r-8237b0ce,applies,unknown
A0205,r-96f16208,applies,unknown
A0205,r-9d61e287,applies,unknown
A0205,r-9e5fe825,applies,unknown
A0205,r-a2190629,applies,unknown
A0205,r-a3048f26,applies,unknown
A0205,r-ad07550f,applies,unknown
A0205,r-aeb12cba,applies,unknown
A0205,r-b0e8e0b7,applies,unknown
A0205,r-b7efbc45,applies,unknown
A0205,r-ddfdad05,applies,unknown
A0205,r-e61d4419,applies,unknown
A0205,r-f06d7c5e,applies,unknown
A0205,r-f642556a,applies,unknown
A0206,r-21673199,applies,unknown
A0206,r-278c32e2,applies,unknown
A0206,r-27f4d965,applies,unknown
A0206,r-28dd2ea6,applies,unknown
A0206,r-30b18f96,applies,unknown
A0206,r-48c8c1b0,superseded,unknown
A0206,r-52dbca2e,applies,unknown
A0206,r-74dde1b0,applies,unknown
A0206,r-7c8b33f9,applies,unknown
A0206,r-8237b0ce,applies,unknown
A0206,r-946122d8,applies,unknown
A0206,r-96f16208,applies,unknown
A0206,r-9878a0b8,applies,unknown
A0206,r-a2190629,applies,unknown
A0206,r-a3048f26,applies,unknown
A0206,r-ad07550f,applies,unknown
A0206,r-aeb12cba,applies,unknown
A0206,r-c0776898,applies,unknown
A0206,r-e61d4419,applies,unknown
A0206,r-f06d7c5e,applies,unknown
A0206,r-f7c43eb6,applies,unknown
A0207,r-027144eb,applies,unknown
A0207,r-21673199,applies,unknown
A0207,r-278c32e2,applies,unknown
A0207,r-27f4d965,applies,unknown
A0207,r-2b290690,applies,unknown
A0207,r-30b18f96,applies,unknown
A0207,r-48c8c1b0,superseded,unknown
A0207,r-52dbca2e,applies,unknown
A0207,r-7c8b33f9,applies,unknown
A0207,r-8237b0ce,applies,unknown
A0207,r-869b1a8c,applies,unknown
A0207,r-96f16208,applies,unknown
A0207,r-a2190629,applies,unknown
A0207,r-a3048f26,applies,unknown
A0207,r-ad07550f,applies,unknown
A0207,r-aeb12cba,applies,unknown
A0207,r-e61d4419,applies,unknown
A0207,r-e73f1627,applies,unknown
A0207,r-f06d7c5e,applies,unknown
A0208,r-16f6b5d3,applies,unknown
A0209,r-10c48ed7,applies,unknown
A0209,r-d4a56cd0,applies,unknown
A0210,r-027144eb,applies,unknown
A0210,r-1f90d32d,does_not_apply,unknown
A0210,r-21673199,applies,unknown
A0210,r-278c32e2,applies,unknown
A0210,r-27f4d965,applies,unknown
A0210,r-2b290690,applies,unknown
A0210,r-30b18f96,applies,unknown
A0210,r-48c8c1b0,superseded,unknown
A0210,r-52dbca2e,applies,unknown
A0210,r-7c8b33f9,applies,unknown
A0210,r-8237b0ce,applies,unknown
A0210,r-869b1a8c,applies,unknown
A0210,r-96f16208,applies,unknown
A0210,r-a2190629,applies,unknown
A0210,r-a3048f26,applies,unknown
A0210,r-ad07550f,applies,unknown
A0210,r-aeb12cba,applies,unknown
A0210,r-e61d4419,applies,unknown
A0210,r-e73f1627,applies,unknown
A0210,r-f06d7c5e,applies,unknown
A0211,r-10c48ed7,applies,unknown
A0211,r-777a6012,applies,unknown
A0211,r-d4a56cd0,applies,unknown
A0212,r-21673199,applies,unknown
A0212,r-278c32e2,applies,unknown
A0212,r-27f4d965,applies,unknown
A0212,r-28dd2ea6,applies,unknown
A0212,r-30b18f96,applies,unknown
A0212,r-48c8c1b0,superseded,unknown
A0212,r-52dbca2e,applies,unknown
A0212,r-74dde1b0,applies,unknown
A0212,r-7c8b33f9,applies,unknown
A0212,r-8237b0ce,applies,unknown
A0212,r-946122d8,applies,unknown
A0212,r-96f16208,applies,unknown
A0212,r-9878a0b8,applies,unknown
A0212,r-a2190629,applies,unknown
A0212,r-a3048f26,applies,unknown
A0212,r-ad07550f,applies,unknown
A0212,r-aeb12cba,applies,unknown
A0212,r-c0776898,applies,unknown
A0212,r-e61d4419,applies,unknown
A0212,r-f06d7c5e,applies,unknown
A0212,r-f7c43eb6,applies,unknown
A0213,r-027144eb,applies,unknown
A0213,r-1f90d32d,does_not_apply,unknown
A0213,r-21673199,applies,unknown
A0213,r-278c32e2,applies,unknown
A0213,r-27f4d965,applies,unknown
A0213,r-2b290690,applies,unknown
A0213,r-30b18f96,applies,unknown
A0213,r-48c8c1b0,superseded,unknown
A0213,r-52dbca2e,applies,unknown
A0213,r-7c8b33f9,applies,unknown
A0213,r-8237b0ce,applies,unknown
A0213,r-869b1a8c,applies,unknown
A0213,r-96f16208,applies,unknown
A0213,r-a2190629,applies,unknown
A0213,r-a3048f26,applies,unknown
A0213,r-ad07550f,applies,unknown
A0213,r-aeb12cba,applies,unknown
A0213,r-e61d4419,applies,unknown
A0213,r-e73f1627,applies,unknown
A0213,r-f06d7c5e,applies,unknown
A0214,r-10c48ed7,applies,unknown
A0214,r-d4a56cd0,applies,unknown
A0215,r-21673199,applies,unknown
A0215,r-278c32e2,applies,unknown
A0215,r-27f4d965,applies,unknown
A0215,r-28dd2ea6,applies,unknown
A0215,r-30b18f96,applies,unknown
A0215,r-48c8c1b0,superseded,unknown
A0215,r-52dbca2e,applies,unknown
A0215,r-74dde1b0,applies,unknown
A0215,r-7c8b33f9,applies,unknown
A0215,r-8237b0ce,applies,unknown
A0215,r-946122d8,applies,unknown
A0215,r-96f16208,applies,unknown
A0215,r-9878a0b8,applies,unknown
A0215,r-a2190629,applies,unknown
A0215,r-a3048f26,applies,unknown
A0215,r-ad07550f,applies,unknown
A0215,r-aeb12cba,applies,unknown
A0215,r-c0776898,applies,unknown
A0215,r-e61d4419,applies,unknown
A0215,r-f06d7c5e,applies,unknown
A0215,r-f7c43eb6,applies,unknown
A0216,r-16050310,applies,unknown
A0216,r-21673199,applies,unknown
A0216,r-25e6edf6,applies,unknown
A0216,r-278c32e2,applies,unknown
A0216,r-27f4d965,applies,unknown
A0216,r-30b18f96,applies,unknown
A0216,r-48c8c1b0,superseded,unknown
A0216,r-52dbca2e,applies,unknown
A0216,r-5e569c49,applies,unknown
A0216,r-6fc82c1c,applies,unknown
A0216,r-7c8b33f9,applies,unknown
A0216,r-8237b0ce,applies,unknown
A0216,r-96f16208,applies,unknown
A0216,r-9d61e287,applies,unknown
A0216,r-9e5fe825,applies,unknown
A0216,r-a2190629,applies,unknown
A0216,r-a3048f26,applies,unknown
A0216,r-ad07550f,applies,unknown
A0216,r-aeb12cba,applies,unknown
A0216,r-b0e8e0b7,applies,unknown
A0216,r-b7efbc45,applies,unknown
A0216,r-ddfdad05,applies,unknown
A0216,r-e61d4419,applies,unknown
A0216,r-f06d7c5e,applies,unknown
A0216,r-f642556a,applies,unknown
A0217,r-10c48ed7,applies,unknown
A0217,r-777a6012,applies,unknown
A0217,r-d4a56cd0,applies,unknown
A0218,r-10c48ed7,applies,unknown
A0218,r-d4a56cd0,applies,unknown
A0219,r-21673199,applies,unknown
A0219,r-278c32e2,applies,unknown
A0219,r-27f4d965,applies,unknown
A0219,r-30b18f96,applies,unknown
A0219,r-48c8c1b0,superseded,unknown
A0219,r-4a9e3484,applies,unknown
A0219,r-52dbca2e,applies,unknown
A0219,r-5ef71379,applies,unknown
A0219,r-7c8b33f9,applies,unknown
A0219,r-8237b0ce,applies,unknown
A0219,r-96f16208,applies,unknown
A0219,r-a2190629,applies,unknown
A0219,r-a3048f26,applies,unknown
A0219,r-ad07550f,applies,unknown
A0219,r-aeb12cba,applies,unknown
A0219,r-e61d4419,applies,unknown
A0219,r-f06d7c5e,applies,unknown
A0220,r-10c48ed7,applies,unknown
A0220,r-777a6012,applies,unknown
A0220,r-d4a56cd0,applies,unknown
A0221,r-10c48ed7,applies,unknown
A0221,r-777a6012,applies,unknown
A0221,r-d4a56cd0,applies,unknown
A0222,r-21673199,applies,unknown
A0222,r-278c32e2,applies,unknown
A0222,r-27f4d965,applies,unknown
A0222,r-28dd2ea6,applies,unknown
A0222,r-30b18f96,applies,unknown
A0222,r-48c8c1b0,superseded,unknown
A0222,r-52dbca2e,applies,unknown
A0222,r-74dde1b0,applies,unknown
A0222,r-7c8b33f9,applies,unknown
A0222,r-8237b0ce,applies,unknown
A0222,r-946122d8,applies,unknown
A0222,r-96f16208,applies,unknown
A0222,r-9878a0b8,applies,unknown
A0222,r-a2190629,applies,unknown
A0222,r-a3048f26,applies,unknown
A0222,r-ad07550f,applies,unknown
A0222,r-aeb12cba,applies,unknown
A0222,r-c0776898,applies,unknown
A0222,r-e61d4419,applies,unknown
A0222,r-f06d7c5e,applies,unknown
A0222,r-f7c43eb6,applies,unknown
A0223,r-16f6b5d3,applies,unknown
A0224,r-027144eb,applies,unknown
A0224,r-21673199,applies,unknown
A0224,r-278c32e2,applies,unknown
A0224,r-27f4d965,applies,unknown
A0224,r-2b290690,applies,unknown
A0224,r-30b18f96,applies,unknown
A0224,r-48c8c1b0,superseded,unknown
A0224,r-52dbca2e,applies,unknown
A0224,r-7c8b33f9,applies,unknown
A0224,r-8237b0ce,applies,unknown
A0224,r-869b1a8c,applies,unknown
A0224,r-96f16208,applies,unknown
A0224,r-a2190629,applies,unknown
A0224,r-a3048f26,applies,unknown
A0224,r-ad07550f,applies,unknown
A0224,r-aeb12cba,applies,unknown
A0224,r-e61d4419,applies,unknown
A0224,r-e73f1627,applies,unknown
A0224,r-f06d7c5e,applies,unknown
A0225,r-21673199,applies,unknown
A0225,r-278c32e2,applies,unknown
A0225,r-27f4d965,applies,unknown
A0225,r-28dd2ea6,applies,unknown
A0225,r-30b18f96,applies,unknown
A0225,r-48c8c1b0,superseded,unknown
A0225,r-52dbca2e,applies,unknown
A0225,r-74dde1b0,applies,unknown
A0225,r-7c8b33f9,applies,unknown
A0225,r-8237b0ce,applies,unknown
A0225,r-946122d8,applies,unknown
A0225,r-96f16208,applies,unknown
A0225,r-9878a0b8,applies,unknown
A0225,r-a2190629,applies,unknown
A0225,r-a3048f26,applies,unknown
A0225,r-ad07550f,applies,unknown
A0225,r-aeb12cba,applies,unknown
A0225,r-c0776898,applies,unknown
A0225,r-e61d4419,applies,unknown
A0225,r-f06d7c5e,applies,unknown
A0225,r-f7c43eb6,applies,unknown
A0226,r-10c48ed7,applies,unknown
A0226,r-777a6012,applies,unknown
A0226,r-d4a56cd0,applies,unknown
A0227,r-16f6b5d3,applies,unknown
A0228,r-21673199,applies,unknown
A0228,r-278c32e2,applies,unknown
A0228,r-27f4d965,applies,unknown
A0228,r-28dd2ea6,applies,unknown
A0228,r-30b18f96,applies,unknown
A0228,r-48c8c1b0,superseded,unknown
A0228,r-52dbca2e,applies,unknown
A0228,r-74dde1b0,applies,unknown
A0228,r-7c8b33f9,applies,unknown
A0228,r-8237b0ce,applies,unknown
A0228,r-946122d8,applies,unknown
A0228,r-96f16208,applies,unknown
A0228,r-9878a0b8,applies,unknown
A0228,r-a2190629,applies,unknown
A0228,r-a3048f26,applies,unknown
A0228,r-ad07550f,applies,unknown
A0228,r-aeb12cba,applies,unknown
A0228,r-c0776898,applies,unknown
A0228,r-e61d4419,applies,unknown
A0228,r-f06d7c5e,applies,unknown
A0228,r-f7c43eb6,applies,unknown
A0229,r-21673199,applies,unknown
A0229,r-278c32e2,applies,unknown
A0229,r-27f4d965,applies,unknown
A0229,r-28dd2ea6,applies,unknown
A0229,r-30b18f96,applies,unknown
A0229,r-48c8c1b0,superseded,unknown
A0229,r-52dbca2e,applies,unknown
A0229,r-74dde1b0,applies,unknown
A0229,r-7c8b33f9,applies,unknown
A0229,r-8237b0ce,applies,unknown
A0229,r-946122d8,applies,unknown
A0229,r-96f16208,applies,unknown
A0229,r-9878a0b8,applies,unknown
A0229,r-a2190629,applies,unknown
A0229,r-a3048f26,applies,unknown
A0229,r-ad07550f,applies,unknown
A0229,r-aeb12cba,applies,unknown
A0229,r-c0776898,applies,unknown
A0229,r-e61d4419,applies,unknown
A0229,r-f06d7c5e,applies,unknown
A0229,r-f7c43eb6,applies,unknown
A0230,r-10c48ed7,applies,unknown
A0230,r-d4a56cd0,applies,unknown
A0231,r-21673199,applies,unknown
A0231,r-278c32e2,applies,unknown
A0231,r-27f4d965,applies,unknown
A0231,r-28dd2ea6,applies,unknown
A0231,r-30b18f96,applies,unknown
A0231,r-48c8c1b0,superseded,unknown
A0231,r-52dbca2e,applies,unknown
A0231,r-74dde1b0,applies,unknown
A0231,r-7c8b33f9,applies,unknown
A0231,r-8237b0ce,applies,unknown
A0231,r-946122d8,applies,unknown
A0231,r-96f16208,applies,unknown
A0231,r-9878a0b8,applies,unknown
A0231,r-a2190629,applies,unknown
A0231,r-a3048f26,applies,unknown
A0231,r-ad07550f,applies,unknown
A0231,r-aeb12cba,applies,unknown
A0231,r-c0776898,applies,unknown
A0231,r-e61d4419,applies,unknown
A0231,r-f06d7c5e,applies,unknown
A0231,r-f7c43eb6,applies,unknown
A0232,r-10c48ed7,applies,unknown
A0232,r-d4a56cd0,applies,unknown
A0233,r-10c48ed7,applies,unknown
A0233,r-777a6012,applies,unknown
A0233,r-d4a56cd0,applies,unknown
A0234,r-16050310,applies,unknown
A0234,r-21673199,applies,unknown
A0234,r-25e6edf6,applies,unknown
A0234,r-278c32e2,applies,unknown
A0234,r-27f4d965,applies,unknown
A0234,r-30b18f96,applies,unknown
A0234,r-48c8c1b0,superseded,unknown
A0234,r-52dbca2e,applies,unknown
A0234,r-5e569c49,applies,unknown
A0234,r-6fc82c1c,applies,unknown
A0234,r-7c8b33f9,applies,unknown
A0234,r-8237b0ce,applies,unknown
A0234,r-96f16208,applies,unknown
A0234,r-9d61e287,applies,unknown
A0234,r-9e5fe825,applies,unknown
A0234,r-a2190629,applies,unknown
A0234,r-a3048f26,applies,unknown
A0234,r-ad07550f,applies,unknown
A0234,r-aeb12cba,applies,unknown
A0234,r-b0e8e0b7,applies,unknown
A0234,r-b7efbc45,applies,unknown
A0234,r-ddfdad05,applies,unknown
A0234,r-e61d4419,applies,unknown
A0234,r-f06d7c5e,applies,unknown
A0234,r-f642556a,applies,unknown
A0235,r-027144eb,applies,unknown
A0235,r-21673199,applies,unknown
A0235,r-278c32e2,applies,unknown
A0235,r-27f4d965,applies,unknown
A0235,r-2b290690,applies,unknown
A0235,r-30b18f96,applies,unknown
A0235,r-48c8c1b0,superseded,unknown
A0235,r-52dbca2e,applies,unknown
A0235,r-7c8b33f9,applies,unknown
A0235,r-8237b0ce,applies,unknown
A0235,r-869b1a8c,applies,unknown
A0235,r-96f16208,applies,unknown
A0235,r-a2190629,applies,unknown
A0235,r-a3048f26,applies,unknown
A0235,r-ad07550f,applies,unknown
A0235,r-aeb12cba,applies,unknown
A0235,r-e61d4419,applies,unknown
A0235,r-e73f1627,applies,unknown
A0235,r-f06d7c5e,applies,unknown
A0236,r-21673199,applies,unknown
A0236,r-278c32e2,applies,unknown
A0236,r-27f4d965,applies,unknown
A0236,r-28dd2ea6,applies,unknown
A0236,r-30b18f96,applies,unknown
A0236,r-48c8c1b0,superseded,unknown
A0236,r-52dbca2e,applies,unknown
A0236,r-74dde1b0,applies,unknown
A0236,r-7c8b33f9,applies,unknown
A0236,r-8237b0ce,applies,unknown
A0236,r-946122d8,applies,unknown
A0236,r-96f16208,applies,unknown
A0236,r-9878a0b8,applies,unknown
A0236,r-a2190629,applies,unknown
A0236,r-a3048f26,applies,unknown
A0236,r-ad07550f,applies,unknown
A0236,r-aeb12cba,applies,unknown
A0236,r-c0776898,applies,unknown
A0236,r-e61d4419,applies,unknown
A0236,r-f06d7c5e,applies,unknown
A0236,r-f7c43eb6,applies,unknown
A0237,r-21673199,applies,unknown
A0237,r-278c32e2,applies,unknown
A0237,r-27f4d965,applies,unknown
A0237,r-28dd2ea6,applies,unknown
A0237,r-30b18f96,applies,unknown
A0237,r-48c8c1b0,superseded,unknown
A0237,r-52dbca2e,applies,unknown
A0237,r-74dde1b0,applies,unknown
A0237,r-7c8b33f9,applies,unknown
A0237,r-8237b0ce,applies,unknown
A0237,r-946122d8,applies,unknown
A0237,r-96f16208,applies,unknown
A0237,r-9878a0b8,applies,unknown
A0237,r-a2190629,applies,unknown
A0237,r-a3048f26,applies,unknown
A0237,r-ad07550f,applies,unknown
A0237,r-aeb12cba,applies,unknown
A0237,r-c0776898,applies,unknown
A0237,r-e61d4419,applies,unknown
A0237,r-f06d7c5e,applies,unknown
A0237,r-f7c43eb6,applies,unknown
A0238,r-027144eb,applies,unknown
A0238,r-21673199,applies,unknown
A0238,r-278c32e2,applies,unknown
A0238,r-27f4d965,applies,unknown
A0238,r-2b290690,applies,unknown
A0238,r-30b18f96,applies,unknown
A0238,r-48c8c1b0,superseded,unknown
A0238,r-52dbca2e,applies,unknown
A0238,r-7c8b33f9,applies,unknown
A0238,r-8237b0ce,applies,unknown
A0238,r-869b1a8c,applies,unknown
A0238,r-96f16208,applies,unknown
A0238,r-a2190629,applies,unknown
A0238,r-a3048f26,applies,unknown
A0238,r-ad07550f,applies,unknown
A0238,r-aeb12cba,applies,unknown
A0238,r-e61d4419,applies,unknown
A0238,r-e73f1627,applies,unknown
A0238,r-f06d7c5e,applies,unknown
A0239,r-16050310,applies,unknown
A0239,r-21673199,applies,unknown
A0239,r-25e6edf6,applies,unknown
A0239,r-278c32e2,applies,unknown
A0239,r-27f4d965,applies,unknown
A0239,r-30b18f96,applies,unknown
A0239,r-48c8c1b0,superseded,unknown
A0239,r-52dbca2e,applies,unknown
A0239,r-5e569c49,applies,unknown
A0239,r-6fc82c1c,applies,unknown
A0239,r-7c8b33f9,applies,unknown
A0239,r-8237b0ce,applies,unknown
A0239,r-96f16208,applies,unknown
A0239,r-9d61e287,applies,unknown
A0239,r-9e5fe825,applies,unknown
A0239,r-a2190629,applies,unknown
A0239,r-a3048f26,applies,unknown
A0239,r-ad07550f,applies,unknown
A0239,r-aeb12cba,applies,unknown
A0239,r-b0e8e0b7,applies,unknown
A0239,r-b7efbc45,applies,unknown
A0239,r-ddfdad05,applies,unknown
A0239,r-e61d4419,applies,unknown
A0239,r-f06d7c5e,applies,unknown
A0239,r-f642556a,applies,unknown
A0240,r-21673199,applies,unknown
A0240,r-278c32e2,applies,unknown
A0240,r-27f4d965,applies,unknown
A0240,r-30b18f96,applies,unknown
A0240,r-48c8c1b0,superseded,unknown
A0240,r-4a9e3484,applies,unknown
A0240,r-52dbca2e,applies,unknown
A0240,r-5ef71379,applies,unknown
A0240,r-7c8b33f9,applies,unknown
A0240,r-8237b0ce,applies,unknown
A0240,r-96f16208,applies,unknown
A0240,r-a2190629,applies,unknown
A0240,r-a3048f26,applies,unknown
A0240,r-ad07550f,applies,unknown
A0240,r-aeb12cba,applies,unknown
A0240,r-e61d4419,applies,unknown
A0240,r-f06d7c5e,applies,unknown
A0241,r-16f6b5d3,applies,unknown
A0242,r-10c48ed7,applies,unknown
A0242,r-d4a56cd0,applies,unknown
A0243,r-16f6b5d3,applies,unknown
A0244,r-16f6b5d3,applies,unknown
A0245,r-10c48ed7,applies,unknown
A0245,r-d4a56cd0,applies,unknown
A0246,r-21673199,applies,unknown
A0246,r-278c32e2,applies,unknown
A0246,r-27f4d965,applies,unknown
A0246,r-30b18f96,applies,unknown
A0246,r-48c8c1b0,superseded,unknown
A0246,r-4a9e3484,applies,unknown
A0246,r-52dbca2e,applies,unknown
A0246,r-5ef71379,applies,unknown
A0246,r-7c8b33f9,applies,unknown
A0246,r-8237b0ce,applies,unknown
A0246,r-96f16208,applies,unknown
A0246,r-a2190629,applies,unknown
A0246,r-a3048f26,applies,unknown
A0246,r-ad07550f,applies,unknown
A0246,r-aeb12cba,applies,unknown
A0246,r-e61d4419,applies,unknown
A0246,r-f06d7c5e,applies,unknown
A0247,r-21673199,applies,unknown
A0247,r-278c32e2,applies,unknown
A0247,r-27f4d965,applies,unknown
A0247,r-30b18f96,applies,unknown
A0247,r-48c8c1b0,superseded,unknown
A0247,r-4a9e3484,applies,unknown
A0247,r-52dbca2e,applies,unknown
A0247,r-5ef71379,applies,unknown
A0247,r-7c8b33f9,applies,unknown
A0247,r-8237b0ce,applies,unknown
A0247,r-96f16208,applies,unknown
A0247,r-a2190629,applies,unknown
A0247,r-a3048f26,applies,unknown
A0247,r-ad07550f,applies,unknown
A0247,r-aeb12cba,applies,unknown
A0247,r-e61d4419,applies,unknown
A0247,r-f06d7c5e,applies,unknown
A0248,r-027144eb,applies,unknown
A0248,r-21673199,applies,unknown
A0248,r-278c32e2,applies,unknown
A0248,r-27f4d965,applies,unknown
A0248,r-2b290690,applies,unknown
A0248,r-30b18f96,applies,unknown
A0248,r-48c8c1b0,superseded,unknown
A0248,r-52dbca2e,applies,unknown
A0248,r-7c8b33f9,applies,unknown
A0248,r-8237b0ce,applies,unknown
A0248,r-869b1a8c,applies,unknown
A0248,r-96f16208,applies,unknown
A0248,r-a2190629,applies,unknown
A0248,r-a3048f26,applies,unknown
A0248,r-ad07550f,applies,unknown
A0248,r-aeb12cba,applies,unknown
A0248,r-e61d4419,applies,unknown
A0248,r-e73f1627,applies,unknown
A0248,r-f06d7c5e,applies,unknown
A0249,r-16f6b5d3,applies,unknown
A0250,r-16f6b5d3,applies,unknown
A0251,r-21673199,applies,unknown
A0251,r-278c32e2,applies,unknown
A0251,r-27f4d965,applies,unknown
A0251,r-30b18f96,applies,unknown
A0251,r-48c8c1b0,superseded,unknown
A0251,r-4a9e3484,applies,unknown
A0251,r-52dbca2e,applies,unknown
A0251,r-5ef71379,applies,unknown
A0251,r-7c8b33f9,applies,unknown
A0251,r-8237b0ce,applies,unknown
A0251,r-96f16208,applies,unknown
A0251,r-a2190629,applies,unknown
A0251,r-a3048f26,applies,unknown
A0251,r-ad07550f,applies,unknown
A0251,r-aeb12cba,applies,unknown
A0251,r-e61d4419,applies,unknown
A0251,r-f06d7c5e,applies,unknown
A0252,r-027144eb,applies,unknown
A0252,r-1f90d32d,does_not_apply,unknown
A0252,r-21673199,applies,unknown
A0252,r-278c32e2,applies,unknown
A0252,r-27f4d965,applies,unknown
A0252,r-2b290690,applies,unknown
A0252,r-30b18f96,applies,unknown
A0252,r-48c8c1b0,superseded,unknown
A0252,r-52dbca2e,applies,unknown
A0252,r-7c8b33f9,applies,unknown
A0252,r-8237b0ce,applies,unknown
A0252,r-869b1a8c,applies,unknown
A0252,r-96f16208,applies,unknown
A0252,r-a2190629,applies,unknown
A0252,r-a3048f26,applies,unknown
A0252,r-ad07550f,applies,unknown
A0252,r-aeb12cba,applies,unknown
A0252,r-e61d4419,applies,unknown
A0252,r-e73f1627,applies,unknown
A0252,r-f06d7c5e,applies,unknown
A0253,r-21673199,applies,unknown
A0253,r-278c32e2,applies,unknown
A0253,r-27f4d965,applies,unknown
A0253,r-28dd2ea6,applies,unknown
A0253,r-30b18f96,applies,unknown
A0253,r-48c8c1b0,superseded,unknown
A0253,r-52dbca2e,applies,unknown
A0253,r-74dde1b0,applies,unknown
A0253,r-7c8b33f9,applies,unknown
A0253,r-8237b0ce,applies,unknown
A0253,r-946122d8,applies,unknown
A0253,r-96f16208,applies,unknown
A0253,r-9878a0b8,applies,unknown
A0253,r-a2190629,applies,unknown
A0253,r-a3048f26,applies,unknown
A0253,r-ad07550f,applies,unknown
A0253,r-aeb12cba,applies,unknown
A0253,r-c0776898,applies,unknown
A0253,r-e61d4419,applies,unknown
A0253,r-f06d7c5e,applies,unknown
A0253,r-f7c43eb6,applies,unknown
A0254,r-16f6b5d3,applies,unknown
A0255,r-027144eb,applies,unknown
A0255,r-21673199,applies,unknown
A0255,r-278c32e2,applies,unknown
A0255,r-27f4d965,applies,unknown
A0255,r-2b290690,applies,unknown
A0255,r-30b18f96,applies,unknown
A0255,r-48c8c1b0,superseded,unknown
A0255,r-52dbca2e,applies,unknown
A0255,r-7c8b33f9,applies,unknown
A0255,r-8237b0ce,applies,unknown
A0255,r-869b1a8c,applies,unknown
A0255,r-96f16208,applies,unknown
A0255,r-a2190629,applies,unknown
A0255,r-a3048f26,applies,unknown
A0255,r-ad07550f,applies,unknown
A0255,r-aeb12cba,applies,unknown
A0255,r-e61d4419,applies,unknown
A0255,r-e73f1627,applies,unknown
A0255,r-f06d7c5e,applies,unknown
A0256,r-16f6b5d3,applies,unknown
A0257,r-21673199,applies,unknown
A0257,r-278c32e2,applies,unknown
A0257,r-27f4d965,applies,unknown
A0257,r-28dd2ea6,applies,unknown
A0257,r-30b18f96,applies,unknown
A0257,r-48c8c1b0,superseded,unknown
A0257,r-52dbca2e,applies,unknown
A0257,r-74dde1b0,applies,unknown
A0257,r-7c8b33f9,applies,unknown
A0257,r-8237b0ce,applies,unknown
A0257,r-946122d8,applies,unknown
A0257,r-96f16208,applies,unknown
A0257,r-9878a0b8,applies,unknown
A0257,r-a2190629,applies,unknown
A0257,r-a3048f26,applies,unknown
A0257,r-ad07550f,applies,unknown
A0257,r-aeb12cba,applies,unknown
A0257,r-c0776898,applies,unknown
A0257,r-e61d4419,applies,unknown
A0257,r-f06d7c5e,applies,unknown
A0257,r-f7c43eb6,applies,unknown
A0258,r-10c48ed7,applies,unknown
A0258,r-777a6012,applies,unknown
A0258,r-d4a56cd0,applies,unknown
A0259,r-21673199,applies,unknown
A0259,r-278c32e2,applies,unknown
A0259,r-27f4d965,applies,unknown
A0259,r-28dd2ea6,applies,unknown
A0259,r-30b18f96,applies,unknown
A0259,r-48c8c1b0,superseded,unknown
A0259,r-52dbca2e,applies,unknown
A0259,r-74dde1b0,applies,unknown
A0259,r-7c8b33f9,applies,unknown
A0259,r-8237b0ce,applies,unknown
A0259,r-946122d8,applies,unknown
A0259,r-96f16208,applies,unknown
A0259,r-9878a0b8,applies,unknown
A0259,r-a2190629,applies,unknown
A0259,r-a3048f26,applies,unknown
A0259,r-ad07550f,applies,unknown
A0259,r-aeb12cba,applies,unknown
A0259,r-c0776898,applies,unknown
A0259,r-e61d4419,applies,unknown
A0259,r-f06d7c5e,applies,unknown
A0259,r-f7c43eb6,applies,unknown
A0260,r-16050310,applies,unknown
A0260,r-21673199,applies,unknown
A0260,r-25e6edf6,applies,unknown
A0260,r-278c32e2,applies,unknown
A0260,r-27f4d965,applies,unknown
A0260,r-30b18f96,applies,unknown
A0260,r-48c8c1b0,superseded,unknown
A0260,r-52dbca2e,applies,unknown
A0260,r-5e569c49,applies,unknown
A0260,r-6fc82c1c,applies,unknown
A0260,r-7c8b33f9,applies,unknown
A0260,r-8237b0ce,applies,unknown
A0260,r-96f16208,applies,unknown
A0260,r-9d61e287,applies,unknown
A0260,r-9e5fe825,applies,unknown
A0260,r-a2190629,applies,unknown
A0260,r-a3048f26,applies,unknown
A0260,r-ad07550f,applies,unknown
A0260,r-aeb12cba,applies,unknown
A0260,r-b0e8e0b7,applies,unknown
A0260,r-b7efbc45,applies,unknown
A0260,r-ddfdad05,applies,unknown
A0260,r-e61d4419,applies,unknown
A0260,r-f06d7c5e,applies,unknown
A0260,r-f642556a,applies,unknown
A0261,r-16f6b5d3,applies,unknown
A0262,r-21673199,applies,unknown
A0262,r-278c32e2,applies,unknown
A0262,r-27f4d965,applies,unknown
A0262,r-30b18f96,applies,unknown
A0262,r-52dbca2e,applies,unknown
A0262,r-7c8b33f9,applies,unknown
A0262,r-8237b0ce,applies,unknown
A0262,r-96f16208,applies,unknown
A0262,r-a2190629,applies,unknown
A0262,r-a3048f26,applies,unknown
A0262,r-ad07550f,applies,unknown
A0262,r-aeb12cba,applies,unknown
A0262,r-e61d4419,applies,unknown
A0262,r-f06d7c5e,applies,unknown
A0263,r-16050310,applies,unknown
A0263,r-21673199,applies,unknown
A0263,r-25e6edf6,applies,unknown
A0263,r-278c32e2,applies,unknown
A0263,r-27f4d965,applies,unknown
A0263,r-30b18f96,applies,unknown
A0263,r-48c8c1b0,superseded,unknown
A0263,r-52dbca2e,applies,unknown
A0263,r-5e569c49,applies,unknown
A0263,r-6fc82c1c,applies,unknown
A0263,r-7c8b33f9,applies,unknown
A0263,r-8237b0ce,applies,unknown
A0263,r-96f16208,applies,unknown
A0263,r-9d61e287,applies,unknown
A0263,r-9e5fe825,applies,unknown
A0263,r-a2190629,applies,unknown
A0263,r-a3048f26,applies,unknown
A0263,r-ad07550f,applies,unknown
A0263,r-aeb12cba,applies,unknown
A0263,r-b0e8e0b7,applies,unknown
A0263,r-b7efbc45,applies,unknown
A0263,r-ddfdad05,applies,unknown
A0263,r-e61d4419,applies,unknown
A0263,r-f06d7c5e,applies,unknown
A0263,r-f642556a,applies,unknown
A0264,r-16f6b5d3,applies,unknown
A0265,r-16f6b5d3,applies,unknown
A0266,r-16f6b5d3,applies,unknown
A0267,r-027144eb,applies,unknown
A0267,r-21673199,applies,unknown
A0267,r-278c32e2,applies,unknown
A0267,r-27f4d965,applies,unknown
A0267,r-2b290690,applies,unknown
A0267,r-30b18f96,applies,unknown
A0267,r-48c8c1b0,superseded,unknown
A0267,r-52dbca2e,applies,unknown
A0267,r-7c8b33f9,applies,unknown
A0267,r-8237b0ce,applies,unknown
A0267,r-869b1a8c,applies,unknown
A0267,r-96f16208,applies,unknown
A0267,r-a2190629,applies,unknown
A0267,r-a3048f26,applies,unknown
A0267,r-ad07550f,applies,unknown
A0267,r-aeb12cba,applies,unknown
A0267,r-e61d4419,applies,unknown
A0267,r-e73f1627,applies,unknown
A0267,r-f06d7c5e,applies,unknown
A0268,r-21673199,applies,unknown
A0268,r-278c32e2,applies,unknown
A0268,r-27f4d965,applies,unknown
A0268,r-28dd2ea6,applies,unknown
A0268,r-30b18f96,applies,unknown
A0268,r-48c8c1b0,superseded,unknown
A0268,r-52dbca2e,applies,unknown
A0268,r-74dde1b0,applies,unknown
A0268,r-7c8b33f9,applies,unknown
A0268,r-8237b0ce,applies,unknown
A0268,r-946122d8,applies,unknown
A0268,r-96f16208,applies,unknown
A0268,r-9878a0b8,applies,unknown
A0268,r-a2190629,applies,unknown
A0268,r-a3048f26,applies,unknown
A0268,r-ad07550f,applies,unknown
A0268,r-aeb12cba,applies,unknown
A0268,r-c0776898,applies,unknown
A0268,r-e61d4419,applies,unknown
A0268,r-f06d7c5e,applies,unknown
A0268,r-f7c43eb6,applies,unknown
A0269,r-16f6b5d3,applies,unknown
A0270,r-16f6b5d3,applies,unknown
A0271,r-21673199,applies,unknown
A0271,r-278c32e2,applies,unknown
A0271,r-27f4d965,applies,unknown
A0271,r-28dd2ea6,applies,unknown
A0271,r-30b18f96,applies,unknown
A0271,r-48c8c1b0,superseded,unknown
A0271,r-52dbca2e,applies,unknown
A0271,r-74dde1b0,applies,unknown
A0271,r-7c8b33f9,applies,unknown
A0271,r-8237b0ce,applies,unknown
A0271,r-946122d8,applies,unknown
A0271,r-96f16208,applies,unknown
A0271,r-9878a0b8,applies,unknown
A0271,r-a2190629,applies,unknown
A0271,r-a3048f26,applies,unknown
A0271,r-ad07550f,applies,unknown
A0271,r-aeb12cba,applies,unknown
A0271,r-c0776898,applies,unknown
A0271,r-e61d4419,applies,unknown
A0271,r-f06d7c5e,applies,unknown
A0271,r-f7c43eb6,applies,unknown
A0272,r-10c48ed7,applies,unknown
A0272,r-d4a56cd0,applies,unknown
A0273,r-21673199,applies,unknown
A0273,r-278c32e2,applies,unknown
A0273,r-27f4d965,applies,unknown
A0273,r-30b18f96,applies,unknown
A0273,r-48c8c1b0,superseded,unknown
A0273,r-4a9e3484,applies,unknown
A0273,r-52dbca2e,applies,unknown
A0273,r-5ef71379,applies,unknown
A0273,r-7c8b33f9,applies,unknown
A0273,r-8237b0ce,applies,unknown
A0273,r-96f16208,applies,unknown
A0273,r-a2190629,applies,unknown
A0273,r-a3048f26,applies,unknown
A0273,r-ad07550f,applies,unknown
A0273,r-aeb12cba,applies,unknown
A0273,r-e61d4419,applies,unknown
A0273,r-f06d7c5e,applies,unknown
A0274,r-21673199,applies,unknown
A0274,r-278c32e2,applies,unknown
A0274,r-27f4d965,applies,unknown
A0274,r-30b18f96,applies,unknown
A0274,r-48c8c1b0,superseded,unknown
A0274,r-4a9e3484,applies,unknown
A0274,r-52dbca2e,applies,unknown
A0274,r-5ef71379,applies,unknown
A0274,r-7c8b33f9,applies,unknown
A0274,r-8237b0ce,applies,unknown
A0274,r-96f16208,applies,unknown
A0274,r-a2190629,applies,unknown
A0274,r-a3048f26,applies,unknown
A0274,r-ad07550f,applies,unknown
A0274,r-aeb12cba,applies,unknown
A0274,r-e61d4419,applies,unknown
A0274,r-f06d7c5e,applies,unknown
A0275,r-21673199,applies,unknown
A0275,r-278c32e2,applies,unknown
A0275,r-27f4d965,applies,unknown
A0275,r-30b18f96,applies,unknown
A0275,r-48c8c1b0,superseded,unknown
A0275,r-4a9e3484,applies,unknown
A0275,r-52dbca2e,applies,unknown
A0275,r-5ef71379,applies,unknown
A0275,r-7c8b33f9,applies,unknown
A0275,r-8237b0ce,applies,unknown
A0275,r-96f16208,applies,unknown
A0275,r-a2190629,applies,unknown
A0275,r-a3048f26,applies,unknown
A0275,r-ad07550f,applies,unknown
A0275,r-aeb12cba,applies,unknown
A0275,r-e61d4419,applies,unknown
A0275,r-f06d7c5e,applies,unknown
A0276,r-21673199,applies,unknown
A0276,r-278c32e2,applies,unknown
A0276,r-27f4d965,applies,unknown
A0276,r-30b18f96,applies,unknown
A0276,r-48c8c1b0,superseded,unknown
A0276,r-4a9e3484,applies,unknown
A0276,r-52dbca2e,applies,unknown
A0276,r-5ef71379,applies,unknown
A0276,r-7c8b33f9,applies,unknown
A0276,r-8237b0ce,applies,unknown
A0276,r-96f16208,applies,unknown
A0276,r-a2190629,applies,unknown
A0276,r-a3048f26,applies,unknown
A0276,r-ad07550f,applies,unknown
A0276,r-aeb12cba,applies,unknown
A0276,r-e61d4419,applies,unknown
A0276,r-f06d7c5e,applies,unknown
A0277,r-16050310,applies,unknown
A0277,r-21673199,applies,unknown
A0277,r-25e6edf6,applies,unknown
A0277,r-278c32e2,applies,unknown
A0277,r-27f4d965,applies,unknown
A0277,r-30b18f96,applies,unknown
A0277,r-48c8c1b0,superseded,unknown
A0277,r-52dbca2e,applies,unknown
A0277,r-5e569c49,applies,unknown
A0277,r-6fc82c1c,applies,unknown
A0277,r-7c8b33f9,applies,unknown
A0277,r-8237b0ce,applies,unknown
A0277,r-96f16208,applies,unknown
A0277,r-9d61e287,applies,unknown
A0277,r-9e5fe825,applies,unknown
A0277,r-a2190629,applies,unknown
A0277,r-a3048f26,applies,unknown
A0277,r-ad07550f,applies,unknown
A0277,r-aeb12cba,applies,unknown
A0277,r-b0e8e0b7,applies,unknown
A0277,r-b7efbc45,applies,unknown
A0277,r-ddfdad05,applies,unknown
A0277,r-e61d4419,applies,unknown
A0277,r-f06d7c5e,applies,unknown
A0277,r-f642556a,applies,unknown
A0278,r-21673199,applies,unknown
A0278,r-278c32e2,applies,unknown
A0278,r-27f4d965,applies,unknown
A0278,r-28dd2ea6,applies,unknown
A0278,r-30b18f96,applies,unknown
A0278,r-48c8c1b0,superseded,unknown
A0278,r-52dbca2e,applies,unknown
A0278,r-74dde1b0,applies,unknown
A0278,r-7c8b33f9,applies,unknown
A0278,r-8237b0ce,applies,unknown
A0278,r-946122d8,applies,unknown
A0278,r-96f16208,applies,unknown
A0278,r-9878a0b8,applies,unknown
A0278,r-a2190629,applies,unknown
A0278,r-a3048f26,applies,unknown
A0278,r-ad07550f,applies,unknown
A0278,r-aeb12cba,applies,unknown
A0278,r-c0776898,applies,unknown
A0278,r-e61d4419,applies,unknown
A0278,r-f06d7c5e,applies,unknown
A0278,r-f7c43eb6,applies,unknown
A0279,r-16f6b5d3,applies,unknown
A0280,r-21673199,applies,unknown
A0280,r-278c32e2,applies,unknown
A0280,r-27f4d965,applies,unknown
A0280,r-28dd2ea6,applies,unknown
A0280,r-30b18f96,applies,unknown
A0280,r-48c8c1b0,superseded,unknown
A0280,r-52dbca2e,applies,unknown
A0280,r-74dde1b0,applies,unknown
A0280,r-7c8b33f9,applies,unknown
A0280,r-8237b0ce,applies,unknown
A0280,r-946122d8,applies,unknown
A0280,r-96f16208,applies,unknown
A0280,r-9878a0b8,applies,unknown
A0280,r-a2190629,applies,unknown
A0280,r-a3048f26,applies,unknown
A0280,r-ad07550f,applies,unknown
A0280,r-aeb12cba,applies,unknown
A0280,r-c0776898,applies,unknown
A0280,r-e61d4419,applies,unknown
A0280,r-f06d7c5e,applies,unknown
A0280,r-f7c43eb6,applies,unknown
A0281,r-027144eb,applies,unknown
A0281,r-21673199,applies,unknown
A0281,r-278c32e2,applies,unknown
A0281,r-27f4d965,applies,unknown
A0281,r-2b290690,applies,unknown
A0281,r-30b18f96,applies,unknown
A0281,r-48c8c1b0,superseded,unknown
A0281,r-52dbca2e,applies,unknown
A0281,r-7c8b33f9,applies,unknown
A0281,r-8237b0ce,applies,unknown
A0281,r-869b1a8c,applies,unknown
A0281,r-96f16208,applies,unknown
A0281,r-a2190629,applies,unknown
A0281,r-a3048f26,applies,unknown
A0281,r-ad07550f,applies,unknown
A0281,r-aeb12cba,applies,unknown
A0281,r-e61d4419,applies,unknown
A0281,r-e73f1627,applies,unknown
A0281,r-f06d7c5e,applies,unknown
A0282,r-16050310,applies,unknown
A0282,r-21673199,applies,unknown
A0282,r-25e6edf6,applies,unknown
A0282,r-278c32e2,applies,unknown
A0282,r-27f4d965,applies,unknown
A0282,r-30b18f96,applies,unknown
A0282,r-48c8c1b0,superseded,unknown
A0282,r-52dbca2e,applies,unknown
A0282,r-5e569c49,applies,unknown
A0282,r-6fc82c1c,applies,unknown
A0282,r-7c8b33f9,applies,unknown
A0282,r-8237b0ce,applies,unknown
A0282,r-96f16208,applies,unknown
A0282,r-9d61e287,applies,unknown
A0282,r-9e5fe825,applies,unknown
A0282,r-a2190629,applies,unknown
A0282,r-a3048f26,applies,unknown
A0282,r-ad07550f,applies,unknown
A0282,r-aeb12cba,applies,unknown
A0282,r-b0e8e0b7,applies,unknown
A0282,r-b7efbc45,applies,unknown
A0282,r-ddfdad05,applies,unknown
A0282,r-e61d4419,applies,unknown
A0282,r-f06d7c5e,applies,unknown
A0282,r-f642556a,applies,unknown
A0283,r-21673199,applies,unknown
A0283,r-278c32e2,applies,unknown
A0283,r-27f4d965,applies,unknown
A0283,r-28dd2ea6,applies,unknown
A0283,r-30b18f96,applies,unknown
A0283,r-48c8c1b0,superseded,unknown
A0283,r-52dbca2e,applies,unknown
A0283,r-74dde1b0,applies,unknown
A0283,r-7c8b33f9,applies,unknown
A0283,r-8237b0ce,applies,unknown
A0283,r-946122d8,applies,unknown
A0283,r-96f16208,applies,unknown
A0283,r-9878a0b8,applies,unknown
A0283,r-a2190629,applies,unknown
A0283,r-a3048f26,applies,unknown
A0283,r-ad07550f,applies,unknown
A0283,r-aeb12cba,applies,unknown
A0283,r-c0776898,applies,unknown
A0283,r-e61d4419,applies,unknown
A0283,r-f06d7c5e,applies,unknown
A0283,r-f7c43eb6,applies,unknown
A0284,r-10c48ed7,applies,unknown
A0284,r-d4a56cd0,applies,unknown
A0285,r-027144eb,applies,unknown
A0285,r-21673199,applies,unknown
A0285,r-278c32e2,applies,unknown
A0285,r-27f4d965,applies,unknown
A0285,r-2b290690,applies,unknown
A0285,r-30b18f96,applies,unknown
A0285,r-48c8c1b0,superseded,unknown
A0285,r-52dbca2e,applies,unknown
A0285,r-7c8b33f9,applies,unknown
A0285,r-8237b0ce,applies,unknown
A0285,r-869b1a8c,applies,unknown
A0285,r-96f16208,applies,unknown
A0285,r-a2190629,applies,unknown
A0285,r-a3048f26,applies,unknown
A0285,r-ad07550f,applies,unknown
A0285,r-aeb12cba,applies,unknown
A0285,r-e61d4419,applies,unknown
A0285,r-e73f1627,applies,unknown
A0285,r-f06d7c5e,applies,unknown
A0286,r-10c48ed7,applies,unknown
A0286,r-d4a56cd0,applies,unknown
A0287,r-16f6b5d3,applies,unknown
A0288,r-16f6b5d3,applies,unknown
A0289,r-16050310,applies,unknown
A0289,r-21673199,applies,unknown
A0289,r-25e6edf6,applies,unknown
A0289,r-278c32e2,applies,unknown
A0289,r-27f4d965,applies,unknown
A0289,r-30b18f96,applies,unknown
A0289,r-48c8c1b0,superseded,unknown
A0289,r-52dbca2e,applies,unknown
A0289,r-5e569c49,applies,unknown
A0289,r-6fc82c1c,applies,unknown
A0289,r-7c8b33f9,applies,unknown
A0289,r-8237b0ce,applies,unknown
A0289,r-96f16208,applies,unknown
A0289,r-9d61e287,applies,unknown
A0289,r-9e5fe825,applies,unknown
A0289,r-a2190629,applies,unknown
A0289,r-a3048f26,applies,unknown
A0289,r-ad07550f,applies,unknown
A0289,r-aeb12cba,applies,unknown
A0289,r-b0e8e0b7,applies,unknown
A0289,r-b7efbc45,applies,unknown
A0289,r-ddfdad05,applies,unknown
A0289,r-e61d4419,applies,unknown
A0289,r-f06d7c5e,applies,unknown
A0289,r-f642556a,applies,unknown
A0290,r-10c48ed7,applies,unknown
A0290,r-d4a56cd0,applies,unknown
A0291,r-10c48ed7,applies,unknown
A0291,r-d4a56cd0,applies,unknown
A0292,r-10c48ed7,applies,unknown
A0292,r-d4a56cd0,applies,unknown
A0293,r-21673199,applies,unknown
A0293,r-278c32e2,applies,unknown
A0293,r-27f4d965,applies,unknown
A0293,r-28dd2ea6,applies,unknown
A0293,r-30b18f96,applies,unknown
A0293,r-48c8c1b0,superseded,unknown
A0293,r-52dbca2e,applies,unknown
A0293,r-74dde1b0,applies,unknown
A0293,r-7c8b33f9,applies,unknown
A0293,r-8237b0ce,applies,unknown
A0293,r-946122d8,applies,unknown
A0293,r-96f16208,applies,unknown
A0293,r-9878a0b8,applies,unknown
A0293,r-a2190629,applies,unknown
A0293,r-a3048f26,applies,unknown
A0293,r-ad07550f,applies,unknown
A0293,r-aeb12cba,applies,unknown
A0293,r-c0776898,applies,unknown
A0293,r-e61d4419,applies,unknown
A0293,r-f06d7c5e,applies,unknown
A0293,r-f7c43eb6,applies,unknown
A0294,r-10c48ed7,applies,unknown
A0294,r-d4a56cd0,applies,unknown
A0295,r-10c48ed7,applies,unknown
A0295,r-d4a56cd0,applies,unknown
A0296,r-16f6b5d3,applies,unknown
A0297,r-16f6b5d3,applies,unknown
A0298,r-10c48ed7,applies,unknown
A0298,r-d4a56cd0,applies,unknown
A0299,r-16f6b5d3,applies,unknown
A0300,r-10c48ed7,applies,unknown
A0300,r-d4a56cd0,applies,unknown
A0301,r-10c48ed7,applies,unknown
A0301,r-d4a56cd0,applies,unknown
A0302,r-10c48ed7,applies,unknown
A0302,r-d4a56cd0,applies,unknown
A0303,r-027144eb,applies,unknown
A0303,r-21673199,applies,unknown
A0303,r-278c32e2,applies,unknown
A0303,r-27f4d965,applies,unknown
A0303,r-2b290690,applies,unknown
A0303,r-30b18f96,applies,unknown
A0303,r-48c8c1b0,superseded,unknown
A0303,r-52dbca2e,applies,unknown
A0303,r-7c8b33f9,applies,unknown
A0303,r-8237b0ce,applies,unknown
A0303,r-869b1a8c,applies,unknown
A0303,r-96f16208,applies,unknown
A0303,r-a2190629,applies,unknown
A0303,r-a3048f26,applies,unknown
A0303,r-ad07550f,applies,unknown
A0303,r-aeb12cba,applies,unknown
A0303,r-e61d4419,applies,unknown
A0303,r-e73f1627,applies,unknown
A0303,r-f06d7c5e,applies,unknown
A0304,r-21673199,applies,unknown
A0304,r-278c32e2,applies,unknown
A0304,r-27f4d965,applies,unknown
A0304,r-30b18f96,applies,unknown
A0304,r-48c8c1b0,superseded,unknown
A0304,r-4a9e3484,applies,unknown
A0304,r-52dbca2e,applies,unknown
A0304,r-5ef71379,applies,unknown
A0304,r-7c8b33f9,applies,unknown
A0304,r-8237b0ce,applies,unknown
A0304,r-96f16208,applies,unknown
A0304,r-a2190629,applies,unknown
A0304,r-a3048f26,applies,unknown
A0304,r-ad07550f,applies,unknown
A0304,r-aeb12cba,applies,unknown
A0304,r-e61d4419,applies,unknown
A0304,r-f06d7c5e,applies,unknown
A0305,r-21673199,applies,unknown
A0305,r-278c32e2,applies,unknown
A0305,r-27f4d965,applies,unknown
A0305,r-28dd2ea6,applies,unknown
A0305,r-30b18f96,applies,unknown
A0305,r-48c8c1b0,superseded,unknown
A0305,r-52dbca2e,applies,unknown
A0305,r-74dde1b0,applies,unknown
A0305,r-7c8b33f9,applies,unknown
A0305,r-8237b0ce,applies,unknown
A0305,r-946122d8,applies,unknown
A0305,r-96f16208,applies,unknown
A0305,r-9878a0b8,applies,unknown
A0305,r-a2190629,applies,unknown
A0305,r-a3048f26,applies,unknown
A0305,r-ad07550f,applies,unknown
A0305,r-aeb12cba,applies,unknown
A0305,r-c0776898,applies,unknown
A0305,r-e61d4419,applies,unknown
A0305,r-f06d7c5e,applies,unknown
A0305,r-f7c43eb6,applies,unknown
A0306,r-10c48ed7,applies,unknown
A0306,r-d4a56cd0,applies,unknown
A0307,r-16f6b5d3,applies,unknown
A0308,r-16f6b5d3,applies,unknown
A0309,r-027144eb,applies,unknown
A0309,r-21673199,applies,unknown
A0309,r-278c32e2,applies,unknown
A0309,r-27f4d965,applies,unknown
A0309,r-2b290690,applies,unknown
A0309,r-30b18f96,applies,unknown
A0309,r-48c8c1b0,superseded,unknown
A0309,r-52dbca2e,applies,unknown
A0309,r-7c8b33f9,applies,unknown
A0309,r-8237b0ce,applies,unknown
A0309,r-869b1a8c,applies,unknown
A0309,r-96f16208,applies,unknown
A0309,r-a2190629,applies,unknown
A0309,r-a3048f26,applies,unknown
A0309,r-ad07550f,applies,unknown
A0309,r-aeb12cba,applies,unknown
A0309,r-e61d4419,applies,unknown
A0309,r-e73f1627,applies,unknown
A0309,r-f06d7c5e,applies,unknown
A0310,r-10c48ed7,applies,unknown
A0310,r-777a6012,applies,unknown
A0310,r-d4a56cd0,applies,unknown
A0311,r-16f6b5d3,applies,unknown
A0312,r-10c48ed7,applies,unknown
A0312,r-777a6012,applies,unknown
A0312,r-d4a56cd0,applies,unknown
A0313,r-16f6b5d3,applies,unknown
A0314,r-027144eb,applies,unknown
A0314,r-21673199,applies,unknown
A0314,r-278c32e2,applies,unknown
A0314,r-27f4d965,applies,unknown
A0314,r-2b290690,applies,unknown
A0314,r-30b18f96,applies,unknown
A0314,r-48c8c1b0,superseded,unknown
A0314,r-52dbca2e,applies,unknown
A0314,r-7c8b33f9,applies,unknown
A0314,r-8237b0ce,applies,unknown
A0314,r-869b1a8c,applies,unknown
A0314,r-96f16208,applies,unknown
A0314,r-a2190629,applies,unknown
A0314,r-a3048f26,applies,unknown
A0314,r-ad07550f,applies,unknown
A0314,r-aeb12cba,applies,unknown
A0314,r-e61d4419,applies,unknown
A0314,r-e73f1627,applies,unknown
A0314,r-f06d7c5e,applies,unknown
A0315,r-027144eb,applies,unknown
A0315,r-1f90d32d,does_not_apply,unknown
A0315,r-21673199,applies,unknown
A0315,r-278c32e2,applies,unknown
A0315,r-27f4d965,applies,unknown
A0315,r-2b290690,applies,unknown
A0315,r-30b18f96,applies,unknown
A0315,r-48c8c1b0,superseded,unknown
A0315,r-52dbca2e,applies,unknown
A0315,r-7c8b33f9,applies,unknown
A0315,r-8237b0ce,applies,unknown
A0315,r-869b1a8c,applies,unknown
A0315,r-96f16208,applies,unknown
A0315,r-a2190629,applies,unknown
A0315,r-a3048f26,applies,unknown
A0315,r-ad07550f,applies,unknown
A0315,r-aeb12cba,applies,unknown
A0315,r-e61d4419,applies,unknown
A0315,r-e73f1627,applies,unknown
A0315,r-f06d7c5e,applies,unknown
A0316,r-21673199,applies,unknown
A0316,r-278c32e2,applies,unknown
A0316,r-27f4d965,applies,unknown
A0316,r-30b18f96,applies,unknown
A0316,r-48c8c1b0,superseded,unknown
A0316,r-4a9e3484,applies,unknown
A0316,r-52dbca2e,applies,unknown
A0316,r-5ef71379,applies,unknown
A0316,r-7c8b33f9,applies,unknown
A0316,r-8237b0ce,applies,unknown
A0316,r-96f16208,applies,unknown
A0316,r-a2190629,applies,unknown
A0316,r-a3048f26,applies,unknown
A0316,r-ad07550f,applies,unknown
A0316,r-aeb12cba,applies,unknown
A0316,r-e61d4419,applies,unknown
A0316,r-f06d7c5e,applies,unknown
A0317,r-16050310,applies,unknown
A0317,r-21673199,applies,unknown
A0317,r-25e6edf6,applies,unknown
A0317,r-278c32e2,applies,unknown
A0317,r-27f4d965,applies,unknown
A0317,r-30b18f96,applies,unknown
A0317,r-48c8c1b0,superseded,unknown
A0317,r-52dbca2e,applies,unknown
A0317,r-5e569c49,applies,unknown
A0317,r-6fc82c1c,applies,unknown
A0317,r-7c8b33f9,applies,unknown
A0317,r-8237b0ce,applies,unknown
A0317,r-96f16208,applies,unknown
A0317,r-9d61e287,applies,unknown
A0317,r-9e5fe825,applies,unknown
A0317,r-a2190629,applies,unknown
A0317,r-a3048f26,applies,unknown
A0317,r-ad07550f,applies,unknown
A0317,r-aeb12cba,applies,unknown
A0317,r-b0e8e0b7,applies,unknown
A0317,r-b7efbc45,applies,unknown
A0317,r-ddfdad05,applies,unknown
A0317,r-e61d4419,applies,unknown
A0317,r-f06d7c5e,applies,unknown
A0317,r-f642556a,applies,unknown
A0318,r-16050310,applies,unknown
A0318,r-21673199,applies,unknown
A0318,r-25e6edf6,applies,unknown
A0318,r-278c32e2,applies,unknown
A0318,r-27f4d965,applies,unknown
A0318,r-30b18f96,applies,unknown
A0318,r-48c8c1b0,superseded,unknown
A0318,r-52dbca2e,applies,unknown
A0318,r-5e569c49,applies,unknown
A0318,r-6fc82c1c,applies,unknown
A0318,r-7c8b33f9,applies,unknown
A0318,r-8237b0ce,applies,unknown
A0318,r-96f16208,applies,unknown
A0318,r-9d61e287,applies,unknown
A0318,r-9e5fe825,applies,unknown
A0318,r-a2190629,applies,unknown
A0318,r-a3048f26,applies,unknown
A0318,r-ad07550f,applies,unknown
A0318,r-aeb12cba,applies,unknown
A0318,r-b0e8e0b7,applies,unknown
A0318,r-b7efbc45,applies,unknown
A0318,r-ddfdad05,applies,unknown
A0318,r-e61d4419,applies,unknown
A0318,r-f06d7c5e,applies,unknown
A0318,r-f642556a,applies,unknown
A0319,r-16050310,applies,unknown
A0319,r-21673199,applies,unknown
A0319,r-25e6edf6,applies,unknown
A0319,r-278c32e2,applies,unknown
A0319,r-27f4d965,applies,unknown
A0319,r-30b18f96,applies,unknown
A0319,r-48c8c1b0,superseded,unknown
A0319,r-52dbca2e,applies,unknown
A0319,r-5e569c49,applies,unknown
A0319,r-6fc82c1c,applies,unknown
A0319,r-7c8b33f9,applies,unknown
A0319,r-8237b0ce,applies,unknown
A0319,r-96f16208,applies,unknown
A0319,r-9d61e287,applies,unknown
A0319,r-9e5fe825,applies,unknown
A0319,r-a2190629,applies,unknown
A0319,r-a3048f26,applies,unknown
A0319,r-ad07550f,applies,unknown
A0319,r-aeb12cba,applies,unknown
A0319,r-b0e8e0b7,applies,unknown
A0319,r-b7efbc45,applies,unknown
A0319,r-ddfdad05,applies,unknown
A0319,r-e61d4419,applies,unknown
A0319,r-f06d7c5e,applies,unknown
A0319,r-f642556a,applies,unknown
A0320,r-16f6b5d3,applies,unknown
A0321,r-16f6b5d3,applies,unknown
A0322,r-21673199,applies,unknown
A0322,r-278c32e2,applies,unknown
A0322,r-27f4d965,applies,unknown
A0322,r-30b18f96,applies,unknown
A0322,r-48c8c1b0,superseded,unknown
A0322,r-4a9e3484,applies,unknown
A0322,r-52dbca2e,applies,unknown
A0322,r-5ef71379,applies,unknown
A0322,r-7c8b33f9,applies,unknown
A0322,r-8237b0ce,applies,unknown
A0322,r-96f16208,applies,unknown
A0322,r-a2190629,applies,unknown
A0322,r-a3048f26,applies,unknown
A0322,r-ad07550f,applies,unknown
A0322,r-aeb12cba,applies,unknown
A0322,r-e61d4419,applies,unknown
A0322,r-f06d7c5e,applies,unknown
A0323,r-027144eb,applies,unknown
A0323,r-21673199,applies,unknown
A0323,r-278c32e2,applies,unknown
A0323,r-27f4d965,applies,unknown
A0323,r-2b290690,applies,unknown
A0323,r-30b18f96,applies,unknown
A0323,r-48c8c1b0,superseded,unknown
A0323,r-52dbca2e,applies,unknown
A0323,r-7c8b33f9,applies,unknown
A0323,r-8237b0ce,applies,unknown
A0323,r-869b1a8c,applies,unknown
A0323,r-96f16208,applies,unknown
A0323,r-a2190629,applies,unknown
A0323,r-a3048f26,applies,unknown
A0323,r-ad07550f,applies,unknown
A0323,r-aeb12cba,applies,unknown
A0323,r-e61d4419,applies,unknown
A0323,r-e73f1627,applies,unknown
A0323,r-f06d7c5e,applies,unknown
A0324,r-21673199,applies,unknown
A0324,r-278c32e2,applies,unknown
A0324,r-27f4d965,applies,unknown
A0324,r-28dd2ea6,applies,unknown
A0324,r-30b18f96,applies,unknown
A0324,r-48c8c1b0,superseded,unknown
A0324,r-52dbca2e,applies,unknown
A0324,r-74dde1b0,applies,unknown
A0324,r-7c8b33f9,applies,unknown
A0324,r-8237b0ce,applies,unknown
A0324,r-946122d8,applies,unknown
A0324,r-96f16208,applies,unknown
A0324,r-9878a0b8,applies,unknown
A0324,r-a2190629,applies,unknown
A0324,r-a3048f26,applies,unknown
A0324,r-ad07550f,applies,unknown
A0324,r-aeb12cba,applies,unknown
A0324,r-c0776898,applies,unknown
A0324,r-e61d4419,applies,unknown
A0324,r-f06d7c5e,applies,unknown
A0324,r-f7c43eb6,applies,unknown
A0325,r-16f6b5d3,applies,unknown
A0326,r-16f6b5d3,applies,unknown
A0327,r-027144eb,applies,unknown
A0327,r-21673199,applies,unknown
A0327,r-278c32e2,applies,unknown
A0327,r-27f4d965,applies,unknown
A0327,r-2b290690,applies,unknown
A0327,r-30b18f96,applies,unknown
A0327,r-48c8c1b0,superseded,unknown
A0327,r-52dbca2e,applies,unknown
A0327,r-7c8b33f9,applies,unknown
A0327,r-8237b0ce,applies,unknown
A0327,r-869b1a8c,applies,unknown
A0327,r-96f16208,applies,unknown
A0327,r-a2190629,applies,unknown
A0327,r-a3048f26,applies,unknown
A0327,r-ad07550f,applies,unknown
A0327,r-aeb12cba,applies,unknown
A0327,r-e61d4419,applies,unknown
A0327,r-e73f1627,applies,unknown
A0327,r-f06d7c5e,applies,unknown
A0328,r-21673199,applies,unknown
A0328,r-278c32e2,applies,unknown
A0328,r-27f4d965,applies,unknown
A0328,r-28dd2ea6,applies,unknown
A0328,r-30b18f96,applies,unknown
A0328,r-48c8c1b0,superseded,unknown
A0328,r-52dbca2e,applies,unknown
A0328,r-74dde1b0,applies,unknown
A0328,r-7c8b33f9,applies,unknown
A0328,r-8237b0ce,applies,unknown
A0328,r-946122d8,applies,unknown
A0328,r-96f16208,applies,unknown
A0328,r-9878a0b8,applies,unknown
A0328,r-a2190629,applies,unknown
A0328,r-a3048f26,applies,unknown
A0328,r-ad07550f,applies,unknown
A0328,r-aeb12cba,applies,unknown
A0328,r-c0776898,applies,unknown
A0328,r-e61d4419,applies,unknown
A0328,r-f06d7c5e,applies,unknown
A0328,r-f7c43eb6,applies,unknown
A0329,r-16f6b5d3,applies,unknown
A0330,r-027144eb,applies,unknown
A0330,r-1f90d32d,does_not_apply,unknown
A0330,r-21673199,applies,unknown
A0330,r-278c32e2,applies,unknown
A0330,r-27f4d965,applies,unknown
A0330,r-2b290690,applies,unknown
A0330,r-30b18f96,applies,unknown
A0330,r-48c8c1b0,superseded,unknown
A0330,r-52dbca2e,applies,unknown
A0330,r-7c8b33f9,applies,unknown
A0330,r-8237b0ce,applies,unknown
A0330,r-869b1a8c,applies,unknown
A0330,r-96f16208,applies,unknown
A0330,r-a2190629,applies,unknown
A0330,r-a3048f26,applies,unknown
A0330,r-ad07550f,applies,unknown
A0330,r-aeb12cba,applies,unknown
A0330,r-e61d4419,applies,unknown
A0330,r-e73f1627,applies,unknown
A0330,r-f06d7c5e,applies,unknown
A0331,r-16f6b5d3,applies,unknown
A0332,r-10c48ed7,applies,unknown
A0332,r-777a6012,applies,unknown
A0332,r-d4a56cd0,applies,unknown
A0333,r-21673199,applies,unknown
A0333,r-278c32e2,applies,unknown
A0333,r-27f4d965,applies,unknown
A0333,r-30b18f96,applies,unknown
A0333,r-48c8c1b0,superseded,unknown
A0333,r-4a9e3484,applies,unknown
A0333,r-52dbca2e,applies,unknown
A0333,r-5ef71379,applies,unknown
A0333,r-7c8b33f9,applies,unknown
A0333,r-8237b0ce,applies,unknown
A0333,r-96f16208,applies,unknown
A0333,r-a2190629,applies,unknown
A0333,r-a3048f26,applies,unknown
A0333,r-ad07550f,applies,unknown
A0333,r-aeb12cba,applies,unknown
A0333,r-e61d4419,applies,unknown
A0333,r-f06d7c5e,applies,unknown
A0334,r-16050310,applies,unknown
A0334,r-21673199,applies,unknown
A0334,r-25e6edf6,applies,unknown
A0334,r-278c32e2,applies,unknown
A0334,r-27f4d965,applies,unknown
A0334,r-30b18f96,applies,unknown
A0334,r-48c8c1b0,superseded,unknown
A0334,r-52dbca2e,applies,unknown
A0334,r-5e569c49,applies,unknown
A0334,r-6fc82c1c,applies,unknown
A0334,r-7c8b33f9,applies,unknown
A0334,r-8237b0ce,applies,unknown
A0334,r-96f16208,applies,unknown
A0334,r-9d61e287,applies,unknown
A0334,r-9e5fe825,applies,unknown
A0334,r-a2190629,applies,unknown
A0334,r-a3048f26,applies,unknown
A0334,r-ad07550f,applies,unknown
A0334,r-aeb12cba,applies,unknown
A0334,r-b0e8e0b7,applies,unknown
A0334,r-b7efbc45,applies,unknown
A0334,r-ddfdad05,applies,unknown
A0334,r-e61d4419,applies,unknown
A0334,r-f06d7c5e,applies,unknown
A0334,r-f642556a,applies,unknown
A0335,r-21673199,applies,unknown
A0335,r-278c32e2,applies,unknown
A0335,r-27f4d965,applies,unknown
A0335,r-28dd2ea6,applies,unknown
A0335,r-30b18f96,applies,unknown
A0335,r-48c8c1b0,superseded,unknown
A0335,r-52dbca2e,applies,unknown
A0335,r-74dde1b0,applies,unknown
A0335,r-7c8b33f9,applies,unknown
A0335,r-8237b0ce,applies,unknown
A0335,r-946122d8,applies,unknown
A0335,r-96f16208,applies,unknown
A0335,r-9878a0b8,applies,unknown
A0335,r-a2190629,applies,unknown
A0335,r-a3048f26,applies,unknown
A0335,r-ad07550f,applies,unknown
A0335,r-aeb12cba,applies,unknown
A0335,r-c0776898,applies,unknown
A0335,r-e61d4419,applies,unknown
A0335,r-f06d7c5e,applies,unknown
A0335,r-f7c43eb6,applies,unknown
A0336,r-10c48ed7,applies,unknown
A0336,r-d4a56cd0,applies,unknown
A0337,r-16f6b5d3,applies,unknown
A0338,r-16f6b5d3,applies,unknown
A0339,r-10c48ed7,applies,unknown
A0339,r-d4a56cd0,applies,unknown
A0340,r-027144eb,applies,unknown
A0340,r-21673199,applies,unknown
A0340,r-278c32e2,applies,unknown
A0340,r-27f4d965,applies,unknown
A0340,r-2b290690,applies,unknown
A0340,r-30b18f96,applies,unknown
A0340,r-48c8c1b0,superseded,unknown
A0340,r-52dbca2e,applies,unknown
A0340,r-7c8b33f9,applies,unknown
A0340,r-8237b0ce,applies,unknown
A0340,r-869b1a8c,applies,unknown
A0340,r-96f16208,applies,unknown
A0340,r-a2190629,applies,unknown
A0340,r-a3048f26,applies,unknown
A0340,r-ad07550f,applies,unknown
A0340,r-aeb12cba,applies,unknown
A0340,r-e61d4419,applies,unknown
A0340,r-e73f1627,applies,unknown
A0340,r-f06d7c5e,applies,unknown
A0341,r-21673199,applies,unknown
A0341,r-278c32e2,applies,unknown
A0341,r-27f4d965,applies,unknown
A0341,r-30b18f96,applies,unknown
A0341,r-48c8c1b0,superseded,unknown
A0341,r-4a9e3484,applies,unknown
A0341,r-52dbca2e,applies,unknown
A0341,r-5ef71379,applies,unknown
A0341,r-7c8b33f9,applies,unknown
A0341,r-8237b0ce,applies,unknown
A0341,r-96f16208,applies,unknown
A0341,r-a2190629,applies,unknown
A0341,r-a3048f26,applies,unknown
A0341,r-ad07550f,applies,unknown
A0341,r-aeb12cba,applies,unknown
A0341,r-e61d4419,applies,unknown
A0341,r-f06d7c5e,applies,unknown
A0342,r-10c48ed7,applies,unknown
A0342,r-d4a56cd0,applies,unknown
A0343,r-16f6b5d3,applies,unknown
A0344,r-16f6b5d3,applies,unknown
A0345,r-027144eb,applies,unknown
A0345,r-21673199,applies,unknown
A0345,r-278c32e2,applies,unknown
A0345,r-27f4d965,applies,unknown
A0345,r-2b290690,applies,unknown
A0345,r-30b18f96,applies,unknown
A0345,r-48c8c1b0,superseded,unknown
A0345,r-52dbca2e,applies,unknown
A0345,r-7c8b33f9,applies,unknown
A0345,r-8237b0ce,applies,unknown
A0345,r-869b1a8c,applies,unknown
A0345,r-96f16208,applies,unknown
A0345,r-a2190629,applies,unknown
A0345,r-a3048f26,applies,unknown
A0345,r-ad07550f,applies,unknown
A0345,r-aeb12cba,applies,unknown
A0345,r-e61d4419,applies,unknown
A0345,r-e73f1627,applies,unknown
A0345,r-f06d7c5e,applies,unknown
A0346,r-21673199,applies,unknown
A0346,r-278c32e2,applies,unknown
A0346,r-27f4d965,applies,unknown
A0346,r-30b18f96,applies,unknown
A0346,r-52dbca2e,applies,unknown
A0346,r-7c8b33f9,applies,unknown
A0346,r-8237b0ce,applies,unknown
A0346,r-96f16208,applies,unknown
A0346,r-a2190629,applies,unknown
A0346,r-a3048f26,applies,unknown
A0346,r-ad07550f,applies,unknown
A0346,r-aeb12cba,applies,unknown
A0346,r-e61d4419,applies,unknown
A0346,r-f06d7c5e,applies,unknown
A0347,r-21673199,applies,unknown
A0347,r-278c32e2,applies,unknown
A0347,r-27f4d965,applies,unknown
A0347,r-30b18f96,applies,unknown
A0347,r-48c8c1b0,superseded,unknown
A0347,r-4a9e3484,applies,unknown
A0347,r-52dbca2e,applies,unknown
A0347,r-5ef71379,applies,unknown
A0347,r-7c8b33f9,applies,unknown
A0347,r-8237b0ce,applies,unknown
A0347,r-96f16208,applies,unknown
A0347,r-a2190629,applies,unknown
A0347,r-a3048f26,applies,unknown
A0347,r-ad07550f,applies,unknown
A0347,r-aeb12cba,applies,unknown
A0347,r-e61d4419,applies,unknown
A0347,r-f06d7c5e,applies,unknown
A0348,r-16f6b5d3,applies,unknown
A0349,r-16050310,applies,unknown
A0349,r-21673199,applies,unknown
A0349,r-25e6edf6,applies,unknown
A0349,r-278c32e2,applies,unknown
A0349,r-27f4d965,applies,unknown
A0349,r-30b18f96,applies,unknown
A0349,r-48c8c1b0,superseded,unknown
A0349,r-52dbca2e,applies,unknown
A0349,r-5e569c49,applies,unknown
A0349,r-6fc82c1c,applies,unknown
A0349,r-7c8b33f9,applies,unknown
A0349,r-8237b0ce,applies,unknown
A0349,r-96f16208,applies,unknown
A0349,r-9d61e287,applies,unknown
A0349,r-9e5fe825,applies,unknown
A0349,r-a2190629,applies,unknown
A0349,r-a3048f26,applies,unknown
A0349,r-ad07550f,applies,unknown
A0349,r-aeb12cba,applies,unknown
A0349,r-b0e8e0b7,applies,unknown
A0349,r-b7efbc45,applies,unknown
A0349,r-ddfdad05,applies,unknown
A0349,r-e61d4419,applies,unknown
A0349,r-f06d7c5e,applies,unknown
A0349,r-f642556a,applies,unknown
A0350,r-16f6b5d3,applies,unknown
A0351,r-21673199,applies,unknown
A0351,r-278c32e2,applies,unknown
A0351,r-27f4d965,applies,unknown
A0351,r-28dd2ea6,applies,unknown
A0351,r-30b18f96,applies,unknown
A0351,r-48c8c1b0,superseded,unknown
A0351,r-52dbca2e,applies,unknown
A0351,r-74dde1b0,applies,unknown
A0351,r-7c8b33f9,applies,unknown
A0351,r-8237b0ce,applies,unknown
A0351,r-946122d8,applies,unknown
A0351,r-96f16208,applies,unknown
A0351,r-9878a0b8,applies,unknown
A0351,r-a2190629,applies,unknown
A0351,r-a3048f26,applies,unknown
A0351,r-ad07550f,applies,unknown
A0351,r-aeb12cba,applies,unknown
A0351,r-c0776898,applies,unknown
A0351,r-e61d4419,applies,unknown
A0351,r-f06d7c5e,applies,unknown
A0351,r-f7c43eb6,applies,unknown
A0352,r-16f6b5d3,applies,unknown
A0353,r-027144eb,applies,unknown
A0353,r-21673199,applies,unknown
A0353,r-278c32e2,applies,unknown
A0353,r-27f4d965,applies,unknown
A0353,r-2b290690,applies,unknown
A0353,r-30b18f96,applies,unknown
A0353,r-48c8c1b0,superseded,unknown
A0353,r-52dbca2e,applies,unknown
A0353,r-7c8b33f9,applies,unknown
A0353,r-8237b0ce,applies,unknown
A0353,r-869b1a8c,applies,unknown
A0353,r-96f16208,applies,unknown
A0353,r-a2190629,applies,unknown
A0353,r-a3048f26,applies,unknown
A0353,r-ad07550f,applies,unknown
A0353,r-aeb12cba,applies,unknown
A0353,r-e61d4419,applies,unknown
A0353,r-e73f1627,applies,unknown
A0353,r-f06d7c5e,applies,unknown
A0354,r-10c48ed7,applies,unknown
A0354,r-777a6012,applies,unknown
A0354,r-d4a56cd0,applies,unknown
A0355,r-027144eb,applies,unknown
A0355,r-1f90d32d,does_not_apply,unknown
A0355,r-21673199,applies,unknown
A0355,r-278c32e2,applies,unknown
A0355,r-27f4d965,applies,unknown
A0355,r-2b290690,applies,unknown
A0355,r-30b18f96,applies,unknown
A0355,r-48c8c1b0,superseded,unknown
A0355,r-52dbca2e,applies,unknown
A0355,r-7c8b33f9,applies,unknown
A0355,r-8237b0ce,applies,unknown
A0355,r-869b1a8c,applies,unknown
A0355,r-96f16208,applies,unknown
A0355,r-a2190629,applies,unknown
A0355,r-a3048f26,applies,unknown
A0355,r-ad07550f,applies,unknown
A0355,r-aeb12cba,applies,unknown
A0355,r-e61d4419,applies,unknown
A0355,r-e73f1627,applies,unknown
A0355,r-f06d7c5e,applies,unknown
A0356,r-10c48ed7,applies,unknown
A0356,r-777a6012,applies,unknown
A0356,r-d4a56cd0,applies,unknown
A0357,r-21673199,applies,unknown
A0357,r-278c32e2,applies,unknown
A0357,r-27f4d965,applies,unknown
A0357,r-28dd2ea6,applies,unknown
A0357,r-30b18f96,applies,unknown
A0357,r-48c8c1b0,superseded,unknown
A0357,r-52dbca2e,applies,unknown
A0357,r-74dde1b0,applies,unknown
A0357,r-7c8b33f9,applies,unknown
A0357,r-8237b0ce,applies,unknown
A0357,r-946122d8,applies,unknown
A0357,r-96f16208,applies,unknown
A0357,r-9878a0b8,applies,unknown
A0357,r-a2190629,applies,unknown
A0357,r-a3048f26,applies,unknown
A0357,r-ad07550f,applies,unknown
A0357,r-aeb12cba,applies,unknown
A0357,r-c0776898,applies,unknown
A0357,r-e61d4419,applies,unknown
A0357,r-f06d7c5e,applies,unknown
A0357,r-f7c43eb6,applies,unknown
A0358,r-16f6b5d3,applies,unknown
A0359,r-16f6b5d3,applies,unknown
A0360,r-16f6b5d3,applies,unknown
A0361,r-10c48ed7,applies,unknown
A0361,r-d4a56cd0,applies,unknown
A0362,r-10c48ed7,applies,unknown
A0362,r-d4a56cd0,applies,unknown
A0363,r-16050310,applies,unknown
A0363,r-21673199,applies,unknown
A0363,r-25e6edf6,applies,unknown
A0363,r-278c32e2,applies,unknown
A0363,r-27f4d965,applies,unknown
A0363,r-30b18f96,applies,unknown
A0363,r-48c8c1b0,superseded,unknown
A0363,r-52dbca2e,applies,unknown
A0363,r-5e569c49,applies,unknown
A0363,r-6fc82c1c,applies,unknown
A0363,r-7c8b33f9,applies,unknown
A0363,r-8237b0ce,applies,unknown
A0363,r-96f16208,applies,unknown
A0363,r-9d61e287,applies,unknown
A0363,r-9e5fe825,applies,unknown
A0363,r-a2190629,applies,unknown
A0363,r-a3048f26,applies,unknown
A0363,r-ad07550f,applies,unknown
A0363,r-aeb12cba,applies,unknown
A0363,r-b0e8e0b7,applies,unknown
A0363,r-b7efbc45,applies,unknown
A0363,r-ddfdad05,applies,unknown
A0363,r-e61d4419,applies,unknown
A0363,r-f06d7c5e,applies,unknown
A0363,r-f642556a,applies,unknown
A0364,r-21673199,applies,unknown
A0364,r-278c32e2,applies,unknown
A0364,r-27f4d965,applies,unknown
A0364,r-28dd2ea6,applies,unknown
A0364,r-30b18f96,applies,unknown
A0364,r-48c8c1b0,superseded,unknown
A0364,r-52dbca2e,applies,unknown
A0364,r-74dde1b0,applies,unknown
A0364,r-7c8b33f9,applies,unknown
A0364,r-8237b0ce,applies,unknown
A0364,r-946122d8,applies,unknown
A0364,r-96f16208,applies,unknown
A0364,r-9878a0b8,applies,unknown
A0364,r-a2190629,applies,unknown
A0364,r-a3048f26,applies,unknown
A0364,r-ad07550f,applies,unknown
A0364,r-aeb12cba,applies,unknown
A0364,r-c0776898,applies,unknown
A0364,r-e61d4419,applies,unknown
A0364,r-f06d7c5e,applies,unknown
A0364,r-f7c43eb6,applies,unknown
A0365,r-21673199,applies,unknown
A0365,r-278c32e2,applies,unknown
A0365,r-27f4d965,applies,unknown
A0365,r-30b18f96,applies,unknown
A0365,r-48c8c1b0,superseded,unknown
A0365,r-4a9e3484,applies,unknown
A0365,r-52dbca2e,applies,unknown
A0365,r-5ef71379,applies,unknown
A0365,r-7c8b33f9,applies,unknown
A0365,r-8237b0ce,applies,unknown
A0365,r-96f16208,applies,unknown
A0365,r-a2190629,applies,unknown
A0365,r-a3048f26,applies,unknown
A0365,r-ad07550f,applies,unknown
A0365,r-aeb12cba,applies,unknown
A0365,r-e61d4419,applies,unknown
A0365,r-f06d7c5e,applies,unknown
A0366,r-10c48ed7,applies,unknown
A0366,r-777a6012,applies,unknown
A0366,r-d4a56cd0,applies,unknown
A0367,r-21673199,applies,unknown
A0367,r-278c32e2,applies,unknown
A0367,r-27f4d965,applies,unknown
A0367,r-30b18f96,applies,unknown
A0367,r-48c8c1b0,superseded,unknown
A0367,r-4a9e3484,applies,unknown
A0367,r-52dbca2e,applies,unknown
A0367,r-5ef71379,applies,unknown
A0367,r-7c8b33f9,applies,unknown
A0367,r-8237b0ce,applies,unknown
A0367,r-96f16208,applies,unknown
A0367,r-a2190629,applies,unknown
A0367,r-a3048f26,applies,unknown
A0367,r-ad07550f,applies,unknown
A0367,r-aeb12cba,applies,unknown
A0367,r-e61d4419,applies,unknown
A0367,r-f06d7c5e,applies,unknown
A0368,r-21673199,applies,unknown
A0368,r-278c32e2,applies,unknown
A0368,r-27f4d965,applies,unknown
A0368,r-28dd2ea6,applies,unknown
A0368,r-30b18f96,applies,unknown
A0368,r-48c8c1b0,superseded,unknown
A0368,r-52dbca2e,applies,unknown
A0368,r-74dde1b0,applies,unknown
A0368,r-7c8b33f9,applies,unknown
A0368,r-8237b0ce,applies,unknown
A0368,r-946122d8,applies,unknown
A0368,r-96f16208,applies,unknown
A0368,r-9878a0b8,applies,unknown
A0368,r-a2190629,applies,unknown
A0368,r-a3048f26,applies,unknown
A0368,r-ad07550f,applies,unknown
A0368,r-aeb12cba,applies,unknown
A0368,r-c0776898,applies,unknown
A0368,r-e61d4419,applies,unknown
A0368,r-f06d7c5e,applies,unknown
A0368,r-f7c43eb6,applies,unknown
A0369,r-16050310,applies,unknown
A0369,r-21673199,applies,unknown
A0369,r-25e6edf6,applies,unknown
A0369,r-278c32e2,applies,unknown
A0369,r-27f4d965,applies,unknown
A0369,r-30b18f96,applies,unknown
A0369,r-48c8c1b0,superseded,unknown
A0369,r-52dbca2e,applies,unknown
A0369,r-5e569c49,applies,unknown
A0369,r-6fc82c1c,applies,unknown
A0369,r-7c8b33f9,applies,unknown
A0369,r-8237b0ce,applies,unknown
A0369,r-96f16208,applies,unknown
A0369,r-9d61e287,applies,unknown
A0369,r-9e5fe825,applies,unknown
A0369,r-a2190629,applies,unknown
A0369,r-a3048f26,applies,unknown
A0369,r-ad07550f,applies,unknown
A0369,r-aeb12cba,applies,unknown
A0369,r-b0e8e0b7,applies,unknown
A0369,r-b7efbc45,applies,unknown
A0369,r-ddfdad05,applies,unknown
A0369,r-e61d4419,applies,unknown
A0369,r-f06d7c5e,applies,unknown
A0369,r-f642556a,applies,unknown
A0370,r-027144eb,applies,unknown
A0370,r-21673199,applies,unknown
A0370,r-278c32e2,applies,unknown
A0370,r-27f4d965,applies,unknown
A0370,r-2b290690,applies,unknown
A0370,r-30b18f96,applies,unknown
A0370,r-48c8c1b0,superseded,unknown
A0370,r-52dbca2e,applies,unknown
A0370,r-7c8b33f9,applies,unknown
A0370,r-8237b0ce,applies,unknown
A0370,r-869b1a8c,applies,unknown
A0370,r-96f16208,applies,unknown
A0370,r-a2190629,applies,unknown
A0370,r-a3048f26,applies,unknown
A0370,r-ad07550f,applies,unknown
A0370,r-aeb12cba,applies,unknown
A0370,r-e61d4419,applies,unknown
A0370,r-e73f1627,applies,unknown
A0370,r-f06d7c5e,applies,unknown
A0371,r-16f6b5d3,applies,unknown
A0372,r-16f6b5d3,applies,unknown
A0373,r-16050310,applies,unknown
A0373,r-21673199,applies,unknown
A0373,r-25e6edf6,applies,unknown
A0373,r-278c32e2,applies,unknown
A0373,r-27f4d965,applies,unknown
A0373,r-30b18f96,applies,unknown
A0373,r-48c8c1b0,superseded,unknown
A0373,r-52dbca2e,applies,unknown
A0373,r-5e569c49,applies,unknown
A0373,r-6fc82c1c,applies,unknown
A0373,r-7c8b33f9,applies,unknown
A0373,r-8237b0ce,applies,unknown
A0373,r-96f16208,applies,unknown
A0373,r-9d61e287,applies,unknown
A0373,r-9e5fe825,applies,unknown
A0373,r-a2190629,applies,unknown
A0373,r-a3048f26,applies,unknown
A0373,r-ad07550f,applies,unknown
A0373,r-aeb12cba,applies,unknown
A0373,r-b0e8e0b7,applies,unknown
A0373,r-b7efbc45,applies,unknown
A0373,r-ddfdad05,applies,unknown
A0373,r-e61d4419,applies,unknown
A0373,r-f06d7c5e,applies,unknown
A0373,r-f642556a,applies,unknown
A0374,r-027144eb,applies,unknown
A0374,r-1f90d32d,does_not_apply,unknown
A0374,r-21673199,applies,unknown
A0374,r-278c32e2,applies,unknown
A0374,r-27f4d965,applies,unknown
A0374,r-2b290690,applies,unknown
A0374,r-30b18f96,applies,unknown
A0374,r-48c8c1b0,superseded,unknown
A0374,r-52dbca2e,applies,unknown
A0374,r-7c8b33f9,applies,unknown
A0374,r-8237b0ce,applies,unknown
A0374,r-869b1a8c,applies,unknown
A0374,r-96f16208,applies,unknown
A0374,r-a2190629,applies,unknown
A0374,r-a3048f26,applies,unknown
A0374,r-ad07550f,applies,unknown
A0374,r-aeb12cba,applies,unknown
A0374,r-e61d4419,applies,unknown
A0374,r-e73f1627,applies,unknown
A0374,r-f06d7c5e,applies,unknown
A0375,r-21673199,applies,unknown
A0375,r-278c32e2,applies,unknown
A0375,r-27f4d965,applies,unknown
A0375,r-28dd2ea6,applies,unknown
A0375,r-30b18f96,applies,unknown
A0375,r-48c8c1b0,superseded,unknown
A0375,r-52dbca2e,applies,unknown
A0375,r-74dde1b0,applies,unknown
A0375,r-7c8b33f9,applies,unknown
A0375,r-8237b0ce,applies,unknown
A0375,r-946122d8,applies,unknown
A0375,r-96f16208,applies,unknown
A0375,r-9878a0b8,applies,unknown
A0375,r-a2190629,applies,unknown
A0375,r-a3048f26,applies,unknown
A0375,r-ad07550f,applies,unknown
A0375,r-aeb12cba,applies,unknown
A0375,r-c0776898,applies,unknown
A0375,r-e61d4419,applies,unknown
A0375,r-f06d7c5e,applies,unknown
A0375,r-f7c43eb6,applies,unknown
A0376,r-10c48ed7,applies,unknown
A0376,r-d4a56cd0,applies,unknown
A0377,r-16f6b5d3,applies,unknown
A0378,r-21673199,applies,unknown
A0378,r-278c32e2,applies,unknown
A0378,r-27f4d965,applies,unknown
A0378,r-30b18f96,applies,unknown
A0378,r-48c8c1b0,superseded,unknown
A0378,r-4a9e3484,applies,unknown
A0378,r-52dbca2e,applies,unknown
A0378,r-5ef71379,applies,unknown
A0378,r-7c8b33f9,applies,unknown
A0378,r-8237b0ce,applies,unknown
A0378,r-96f16208,applies,unknown
A0378,r-a2190629,applies,unknown
A0378,r-a3048f26,applies,unknown
A0378,r-ad07550f,applies,unknown
A0378,r-aeb12cba,applies,unknown
A0378,r-e61d4419,applies,unknown
A0378,r-f06d7c5e,applies,unknown
A0379,r-21673199,applies,unknown
A0379,r-278c32e2,applies,unknown
A0379,r-27f4d965,applies,unknown
A0379,r-30b18f96,applies,unknown
A0379,r-48c8c1b0,superseded,unknown
A0379,r-4a9e3484,applies,unknown
A0379,r-52dbca2e,applies,unknown
A0379,r-5ef71379,applies,unknown
A0379,r-7c8b33f9,applies,unknown
A0379,r-8237b0ce,applies,unknown
A0379,r-96f16208,applies,unknown
A0379,r-a2190629,applies,unknown
A0379,r-a3048f26,applies,unknown
A0379,r-ad07550f,applies,unknown
A0379,r-aeb12cba,applies,unknown
A0379,r-e61d4419,applies,unknown
A0379,r-f06d7c5e,applies,unknown
A0380,r-10c48ed7,applies,unknown
A0380,r-d4a56cd0,applies,unknown
A0381,r-16f6b5d3,applies,unknown
A0382,r-21673199,applies,unknown
A0382,r-278c32e2,applies,unknown
A0382,r-27f4d965,applies,unknown
A0382,r-28dd2ea6,applies,unknown
A0382,r-30b18f96,applies,unknown
A0382,r-48c8c1b0,superseded,unknown
A0382,r-52dbca2e,applies,unknown
A0382,r-74dde1b0,applies,unknown
A0382,r-7c8b33f9,applies,unknown
A0382,r-8237b0ce,applies,unknown
A0382,r-946122d8,applies,unknown
A0382,r-96f16208,applies,unknown
A0382,r-9878a0b8,applies,unknown
A0382,r-a2190629,applies,unknown
A0382,r-a3048f26,applies,unknown
A0382,r-ad07550f,applies,unknown
A0382,r-aeb12cba,applies,unknown
A0382,r-c0776898,applies,unknown
A0382,r-e61d4419,applies,unknown
A0382,r-f06d7c5e,applies,unknown
A0382,r-f7c43eb6,applies,unknown
A0383,r-16050310,applies,unknown
A0383,r-21673199,applies,unknown
A0383,r-25e6edf6,applies,unknown
A0383,r-278c32e2,applies,unknown
A0383,r-27f4d965,applies,unknown
A0383,r-30b18f96,applies,unknown
A0383,r-48c8c1b0,superseded,unknown
A0383,r-52dbca2e,applies,unknown
A0383,r-5e569c49,applies,unknown
A0383,r-6fc82c1c,applies,unknown
A0383,r-7c8b33f9,applies,unknown
A0383,r-8237b0ce,applies,unknown
A0383,r-96f16208,applies,unknown
A0383,r-9d61e287,applies,unknown
A0383,r-9e5fe825,applies,unknown
A0383,r-a2190629,applies,unknown
A0383,r-a3048f26,applies,unknown
A0383,r-ad07550f,applies,unknown
A0383,r-aeb12cba,applies,unknown
A0383,r-b0e8e0b7,applies,unknown
A0383,r-b7efbc45,applies,unknown
A0383,r-ddfdad05,applies,unknown
A0383,r-e61d4419,applies,unknown
A0383,r-f06d7c5e,applies,unknown
A0383,r-f642556a,applies,unknown
A0384,r-21673199,applies,unknown
A0384,r-278c32e2,applies,unknown
A0384,r-27f4d965,applies,unknown
A0384,r-30b18f96,applies,unknown
A0384,r-52dbca2e,applies,unknown
A0384,r-7c8b33f9,applies,unknown
A0384,r-8237b0ce,applies,unknown
A0384,r-96f16208,applies,unknown
A0384,r-a0daef9e,does_not_apply,unknown
A0384,r-a2190629,applies,unknown
A0384,r-a3048f26,applies,unknown
A0384,r-ad07550f,applies,unknown
A0384,r-aeb12cba,applies,unknown
A0384,r-e61d4419,applies,unknown
A0384,r-f06d7c5e,applies,unknown
A0385,r-21673199,applies,unknown
A0385,r-278c32e2,applies,unknown
A0385,r-27f4d965,applies,unknown
A0385,r-28dd2ea6,applies,unknown
A0385,r-30b18f96,applies,unknown
A0385,r-48c8c1b0,superseded,unknown
A0385,r-52dbca2e,applies,unknown
A0385,r-74dde1b0,applies,unknown
A0385,r-7c8b33f9,applies,unknown
A0385,r-8237b0ce,applies,unknown
A0385,r-946122d8,applies,unknown
A0385,r-96f16208,applies,unknown
A0385,r-9878a0b8,applies,unknown
A0385,r-a2190629,applies,unknown
A0385,r-a3048f26,applies,unknown
A0385,r-ad07550f,applies,unknown
A0385,r-aeb12cba,applies,unknown
A0385,r-c0776898,applies,unknown
A0385,r-e61d4419,applies,unknown
A0385,r-f06d7c5e,applies,unknown
A0385,r-f7c43eb6,applies,unknown
A0386,r-21673199,applies,unknown
A0386,r-278c32e2,applies,unknown
A0386,r-27f4d965,applies,unknown
A0386,r-30b18f96,applies,unknown
A0386,r-48c8c1b0,superseded,unknown
A0386,r-4a9e3484,applies,unknown
A0386,r-52dbca2e,applies,unknown
A0386,r-5ef71379,applies,unknown
A0386,r-7c8b33f9,applies,unknown
A0386,r-8237b0ce,applies,unknown
A0386,r-96f16208,applies,unknown
A0386,r-a2190629,applies,unknown
A0386,r-a3048f26,applies,unknown
A0386,r-ad07550f,applies,unknown
A0386,r-aeb12cba,applies,unknown
A0386,r-e61d4419,applies,unknown
A0386,r-f06d7c5e,applies,unknown
A0387,r-21673199,applies,unknown
A0387,r-278c32e2,applies,unknown
A0387,r-27f4d965,applies,unknown
A0387,r-30b18f96,applies,unknown
A0387,r-52dbca2e,applies,unknown
A0387,r-7c8b33f9,applies,unknown
A0387,r-8237b0ce,applies,unknown
A0387,r-96f16208,applies,unknown
A0387,r-a2190629,applies,unknown
A0387,r-a3048f26,applies,unknown
A0387,r-ad07550f,applies,unknown
A0387,r-aeb12cba,applies,unknown
A0387,r-e61d4419,applies,unknown
A0387,r-f06d7c5e,applies,unknown
A0388,r-16f6b5d3,applies,unknown
A0389,r-16f6b5d3,applies,unknown
A0390,r-16f6b5d3,applies,unknown
A0391,r-21673199,applies,unknown
A0391,r-278c32e2,applies,unknown
A0391,r-27f4d965,applies,unknown
A0391,r-30b18f96,applies,unknown
A0391,r-48c8c1b0,superseded,unknown
A0391,r-4a9e3484,applies,unknown
A0391,r-52dbca2e,applies,unknown
A0391,r-5ef71379,applies,unknown
A0391,r-7c8b33f9,applies,unknown
A0391,r-8237b0ce,applies,unknown
A0391,r-96f16208,applies,unknown
A0391,r-a2190629,applies,unknown
A0391,r-a3048f26,applies,unknown
A0391,r-ad07550f,applies,unknown
A0391,r-aeb12cba,applies,unknown
A0391,r-e61d4419,applies,unknown
A0391,r-f06d7c5e,applies,unknown
A0392,r-21673199,applies,unknown
A0392,r-278c32e2,applies,unknown
A0392,r-27f4d965,applies,unknown
A0392,r-30b18f96,applies,unknown
A0392,r-52dbca2e,applies,unknown
A0392,r-7c8b33f9,applies,unknown
A0392,r-8237b0ce,applies,unknown
A0392,r-96f16208,applies,unknown
A0392,r-a2190629,applies,unknown
A0392,r-a3048f26,applies,unknown
A0392,r-ad07550f,applies,unknown
A0392,r-aeb12cba,applies,unknown
A0392,r-e61d4419,applies,unknown
A0392,r-f06d7c5e,applies,unknown
A0393,r-16f6b5d3,applies,unknown
A0394,r-16f6b5d3,applies,unknown
A0395,r-16050310,applies,unknown
A0395,r-21673199,applies,unknown
A0395,r-25e6edf6,applies,unknown
A0395,r-278c32e2,applies,unknown
A0395,r-27f4d965,applies,unknown
A0395,r-30b18f96,applies,unknown
A0395,r-48c8c1b0,superseded,unknown
A0395,r-52dbca2e,applies,unknown
A0395,r-5e569c49,applies,unknown
A0395,r-6fc82c1c,applies,unknown
A0395,r-7c8b33f9,applies,unknown
A0395,r-8237b0ce,applies,unknown
A0395,r-96f16208,applies,unknown
A0395,r-9d61e287,applies,unknown
A0395,r-9e5fe825,applies,unknown
A0395,r-a2190629,applies,unknown
A0395,r-a3048f26,applies,unknown
A0395,r-ad07550f,applies,unknown
A0395,r-aeb12cba,applies,unknown
A0395,r-b0e8e0b7,applies,unknown
A0395,r-b7efbc45,applies,unknown
A0395,r-ddfdad05,applies,unknown
A0395,r-e61d4419,applies,unknown
A0395,r-f06d7c5e,applies,unknown
A0395,r-f642556a,applies,unknown
A0396,r-21673199,applies,unknown
A0396,r-278c32e2,applies,unknown
A0396,r-27f4d965,applies,unknown
A0396,r-30b18f96,applies,unknown
A0396,r-48c8c1b0,superseded,unknown
A0396,r-4a9e3484,applies,unknown
A0396,r-52dbca2e,applies,unknown
A0396,r-5ef71379,applies,unknown
A0396,r-7c8b33f9,applies,unknown
A0396,r-8237b0ce,applies,unknown
A0396,r-96f16208,applies,unknown
A0396,r-a2190629,applies,unknown
A0396,r-a3048f26,applies,unknown
A0396,r-ad07550f,applies,unknown
A0396,r-aeb12cba,applies,unknown
A0396,r-e61d4419,applies,unknown
A0396,r-f06d7c5e,applies,unknown
A0397,r-21673199,applies,unknown
A0397,r-278c32e2,applies,unknown
A0397,r-27f4d965,applies,unknown
A0397,r-28dd2ea6,applies,unknown
A0397,r-30b18f96,applies,unknown
A0397,r-48c8c1b0,superseded,unknown
A0397,r-52dbca2e,applies,unknown
A0397,r-74dde1b0,applies,unknown
A0397,r-7c8b33f9,applies,unknown
A0397,r-8237b0ce,applies,unknown
A0397,r-946122d8,applies,unknown
A0397,r-96f16208,applies,unknown
A0397,r-9878a0b8,applies,unknown
A0397,r-a2190629,applies,unknown
A0397,r-a3048f26,applies,unknown
A0397,r-ad07550f,applies,unknown
A0397,r-aeb12cba,applies,unknown
A0397,r-c0776898,applies,unknown
A0397,r-e61d4419,applies,unknown
A0397,r-f06d7c5e,applies,unknown
A0397,r-f7c43eb6,applies,unknown
A0398,r-21673199,applies,unknown
A0398,r-278c32e2,applies,unknown
A0398,r-27f4d965,applies,unknown
A0398,r-28dd2ea6,applies,unknown
A0398,r-30b18f96,applies,unknown
A0398,r-48c8c1b0,superseded,unknown
A0398,r-52dbca2e,applies,unknown
A0398,r-74dde1b0,applies,unknown
A0398,r-7c8b33f9,applies,unknown
A0398,r-8237b0ce,applies,unknown
A0398,r-946122d8,applies,unknown
A0398,r-96f16208,applies,unknown
A0398,r-9878a0b8,applies,unknown
A0398,r-a2190629,applies,unknown
A0398,r-a3048f26,applies,unknown
A0398,r-ad07550f,applies,unknown
A0398,r-aeb12cba,applies,unknown
A0398,r-c0776898,applies,unknown
A0398,r-e61d4419,applies,unknown
A0398,r-f06d7c5e,applies,unknown
A0398,r-f7c43eb6,applies,unknown
A0399,r-16f6b5d3,applies,unknown
A0400,r-16f6b5d3,applies,unknown
A0401,r-21673199,applies,unknown
A0401,r-278c32e2,applies,unknown
A0401,r-27f4d965,applies,unknown
A0401,r-28dd2ea6,applies,unknown
A0401,r-30b18f96,applies,unknown
A0401,r-48c8c1b0,superseded,unknown
A0401,r-52dbca2e,applies,unknown
A0401,r-74dde1b0,applies,unknown
A0401,r-7c8b33f9,applies,unknown
A0401,r-8237b0ce,applies,unknown
A0401,r-946122d8,applies,unknown
A0401,r-96f16208,applies,unknown
A0401,r-9878a0b8,applies,unknown
A0401,r-a2190629,applies,unknown
A0401,r-a3048f26,applies,unknown
A0401,r-ad07550f,applies,unknown
A0401,r-aeb12cba,applies,unknown
A0401,r-c0776898,applies,unknown
A0401,r-e61d4419,applies,unknown
A0401,r-f06d7c5e,applies,unknown
A0401,r-f7c43eb6,applies,unknown
A0402,r-21673199,applies,unknown
A0402,r-278c32e2,applies,unknown
A0402,r-27f4d965,applies,unknown
A0402,r-28dd2ea6,applies,unknown
A0402,r-30b18f96,applies,unknown
A0402,r-48c8c1b0,superseded,unknown
A0402,r-52dbca2e,applies,unknown
A0402,r-74dde1b0,applies,unknown
A0402,r-7c8b33f9,applies,unknown
A0402,r-8237b0ce,applies,unknown
A0402,r-946122d8,applies,unknown
A0402,r-96f16208,applies,unknown
A0402,r-9878a0b8,applies,unknown
A0402,r-a2190629,applies,unknown
A0402,r-a3048f26,applies,unknown
A0402,r-ad07550f,applies,unknown
A0402,r-aeb12cba,applies,unknown
A0402,r-c0776898,applies,unknown
A0402,r-e61d4419,applies,unknown
A0402,r-f06d7c5e,applies,unknown
A0402,r-f7c43eb6,applies,unknown
A0403,r-10c48ed7,applies,unknown
A0403,r-777a6012,applies,unknown
A0403,r-d4a56cd0,applies,unknown
A0404,r-16f6b5d3,applies,unknown
A0405,r-027144eb,applies,unknown
A0405,r-1f90d32d,does_not_apply,unknown
A0405,r-21673199,applies,unknown
A0405,r-278c32e2,applies,unknown
A0405,r-27f4d965,applies,unknown
A0405,r-2b290690,applies,unknown
A0405,r-30b18f96,applies,unknown
A0405,r-48c8c1b0,superseded,unknown
A0405,r-52dbca2e,applies,unknown
A0405,r-7c8b33f9,applies,unknown
A0405,r-8237b0ce,applies,unknown
A0405,r-869b1a8c,applies,unknown
A0405,r-96f16208,applies,unknown
A0405,r-a2190629,applies,unknown
A0405,r-a3048f26,applies,unknown
A0405,r-ad07550f,applies,unknown
A0405,r-aeb12cba,applies,unknown
A0405,r-e61d4419,applies,unknown
A0405,r-e73f1627,applies,unknown
A0405,r-f06d7c5e,applies,unknown
A0406,r-10c48ed7,applies,unknown
A0406,r-777a6012,applies,unknown
A0406,r-d4a56cd0,applies,unknown
A0407,r-027144eb,applies,unknown
A0407,r-21673199,applies,unknown
A0407,r-278c32e2,applies,unknown
A0407,r-27f4d965,applies,unknown
A0407,r-2b290690,applies,unknown
A0407,r-30b18f96,applies,unknown
A0407,r-48c8c1b0,superseded,unknown
A0407,r-52dbca2e,applies,unknown
A0407,r-7c8b33f9,applies,unknown
A0407,r-8237b0ce,applies,unknown
A0407,r-869b1a8c,applies,unknown
A0407,r-96f16208,applies,unknown
A0407,r-a2190629,applies,unknown
A0407,r-a3048f26,applies,unknown
A0407,r-ad07550f,applies,unknown
A0407,r-aeb12cba,applies,unknown
A0407,r-e61d4419,applies,unknown
A0407,r-e73f1627,applies,unknown
A0407,r-f06d7c5e,applies,unknown
A0408,r-027144eb,applies,unknown
A0408,r-21673199,applies,unknown
A0408,r-278c32e2,applies,unknown
A0408,r-27f4d965,applies,unknown
A0408,r-2b290690,applies,unknown
A0408,r-30b18f96,applies,unknown
A0408,r-48c8c1b0,superseded,unknown
A0408,r-52dbca2e,applies,unknown
A0408,r-7c8b33f9,applies,unknown
A0408,r-8237b0ce,applies,unknown
A0408,r-869b1a8c,applies,unknown
A0408,r-96f16208,applies,unknown
A0408,r-a2190629,applies,unknown
A0408,r-a3048f26,applies,unknown
A0408,r-ad07550f,applies,unknown
A0408,r-aeb12cba,applies,unknown
A0408,r-e61d4419,applies,unknown
A0408,r-e73f1627,applies,unknown
A0408,r-f06d7c5e,applies,unknown
A0409,r-21673199,applies,unknown
A0409,r-278c32e2,applies,unknown
A0409,r-27f4d965,applies,unknown
A0409,r-30b18f96,applies,unknown
A0409,r-48c8c1b0,superseded,unknown
A0409,r-4a9e3484,applies,unknown
A0409,r-52dbca2e,applies,unknown
A0409,r-5ef71379,applies,unknown
A0409,r-7c8b33f9,applies,unknown
A0409,r-8237b0ce,applies,unknown
A0409,r-96f16208,applies,unknown
A0409,r-a2190629,applies,unknown
A0409,r-a3048f26,applies,unknown
A0409,r-ad07550f,applies,unknown
A0409,r-aeb12cba,applies,unknown
A0409,r-e61d4419,applies,unknown
A0409,r-f06d7c5e,applies,unknown
A0410,r-16f6b5d3,applies,unknown
A0411,r-16050310,applies,unknown
A0411,r-21673199,applies,unknown
A0411,r-25e6edf6,applies,unknown
A0411,r-278c32e2,applies,unknown
A0411,r-27f4d965,applies,unknown
A0411,r-30b18f96,applies,unknown
A0411,r-48c8c1b0,superseded,unknown
A0411,r-52dbca2e,applies,unknown
A0411,r-5e569c49,applies,unknown
A0411,r-6fc82c1c,applies,unknown
A0411,r-7c8b33f9,applies,unknown
A0411,r-8237b0ce,applies,unknown
A0411,r-96f16208,applies,unknown
A0411,r-9d61e287,applies,unknown
A0411,r-9e5fe825,applies,unknown
A0411,r-a2190629,applies,unknown
A0411,r-a3048f26,applies,unknown
A0411,r-ad07550f,applies,unknown
A0411,r-aeb12cba,applies,unknown
A0411,r-b0e8e0b7,applies,unknown
A0411,r-b7efbc45,applies,unknown
A0411,r-ddfdad05,applies,unknown
A0411,r-e61d4419,applies,unknown
A0411,r-f06d7c5e,applies,unknown
A0411,r-f642556a,applies,unknown
A0412,r-16f6b5d3,applies,unknown
A0413,r-21673199,applies,unknown
A0413,r-278c32e2,applies,unknown
A0413,r-27f4d965,applies,unknown
A0413,r-30b18f96,applies,unknown
A0413,r-48c8c1b0,superseded,unknown
A0413,r-4a9e3484,applies,unknown
A0413,r-52dbca2e,applies,unknown
A0413,r-5ef71379,applies,unknown
A0413,r-7c8b33f9,applies,unknown
A0413,r-8237b0ce,applies,unknown
A0413,r-96f16208,applies,unknown
A0413,r-a2190629,applies,unknown
A0413,r-a3048f26,applies,unknown
A0413,r-ad07550f,applies,unknown
A0413,r-aeb12cba,applies,unknown
A0413,r-e61d4419,applies,unknown
A0413,r-f06d7c5e,applies,unknown
A0414,r-21673199,applies,unknown
A0414,r-278c32e2,applies,unknown
A0414,r-27f4d965,applies,unknown
A0414,r-28dd2ea6,applies,unknown
A0414,r-30b18f96,applies,unknown
A0414,r-48c8c1b0,superseded,unknown
A0414,r-52dbca2e,applies,unknown
A0414,r-74dde1b0,applies,unknown
A0414,r-7c8b33f9,applies,unknown
A0414,r-8237b0ce,applies,unknown
A0414,r-946122d8,applies,unknown
A0414,r-96f16208,applies,unknown
A0414,r-9878a0b8,applies,unknown
A0414,r-a2190629,applies,unknown
A0414,r-a3048f26,applies,unknown
A0414,r-ad07550f,applies,unknown
A0414,r-aeb12cba,applies,unknown
A0414,r-c0776898,applies,unknown
A0414,r-e61d4419,applies,unknown
A0414,r-f06d7c5e,applies,unknown
A0414,r-f7c43eb6,applies,unknown
A0415,r-16f6b5d3,applies,unknown
A0416,r-16f6b5d3,applies,unknown
A0417,r-027144eb,applies,unknown
A0417,r-21673199,applies,unknown
A0417,r-278c32e2,applies,unknown
A0417,r-27f4d965,applies,unknown
A0417,r-2b290690,applies,unknown
A0417,r-30b18f96,applies,unknown
A0417,r-48c8c1b0,superseded,unknown
A0417,r-52dbca2e,applies,unknown
A0417,r-7c8b33f9,applies,unknown
A0417,r-8237b0ce,applies,unknown
A0417,r-869b1a8c,applies,unknown
A0417,r-96f16208,applies,unknown
A0417,r-a2190629,applies,unknown
A0417,r-a3048f26,applies,unknown
A0417,r-ad07550f,applies,unknown
A0417,r-aeb12cba,applies,unknown
A0417,r-e61d4419,applies,unknown
A0417,r-e73f1627,applies,unknown
A0417,r-f06d7c5e,applies,unknown
A0418,r-16f6b5d3,applies,unknown
A0419,r-16050310,applies,unknown
A0419,r-21673199,applies,unknown
A0419,r-25e6edf6,applies,unknown
A0419,r-278c32e2,applies,unknown
A0419,r-27f4d965,applies,unknown
A0419,r-30b18f96,applies,unknown
A0419,r-48c8c1b0,superseded,unknown
A0419,r-52dbca2e,applies,unknown
A0419,r-5e569c49,applies,unknown
A0419,r-6fc82c1c,applies,unknown
A0419,r-7c8b33f9,applies,unknown
A0419,r-8237b0ce,applies,unknown
A0419,r-96f16208,applies,unknown
A0419,r-9d61e287,applies,unknown
A0419,r-9e5fe825,applies,unknown
A0419,r-a2190629,applies,unknown
A0419,r-a3048f26,applies,unknown
A0419,r-ad07550f,applies,unknown
A0419,r-aeb12cba,applies,unknown
A0419,r-b0e8e0b7,applies,unknown
A0419,r-b7efbc45,applies,unknown
A0419,r-ddfdad05,applies,unknown
A0419,r-e61d4419,applies,unknown
A0419,r-f06d7c5e,applies,unknown
A0419,r-f642556a,applies,unknown
A0420,r-21673199,applies,unknown
A0420,r-278c32e2,applies,unknown
A0420,r-27f4d965,applies,unknown
A0420,r-30b18f96,applies,unknown
A0420,r-48c8c1b0,superseded,unknown
A0420,r-4a9e3484,applies,unknown
A0420,r-52dbca2e,applies,unknown
A0420,r-5ef71379,applies,unknown
A0420,r-7c8b33f9,applies,unknown
A0420,r-8237b0ce,applies,unknown
A0420,r-96f16208,applies,unknown
A0420,r-a2190629,applies,unknown
A0420,r-a3048f26,applies,unknown
A0420,r-ad07550f,applies,unknown
A0420,r-aeb12cba,applies,unknown
A0420,r-e61d4419,applies,unknown
A0420,r-f06d7c5e,applies,unknown
A0421,r-027144eb,applies,unknown
A0421,r-21673199,applies,unknown
A0421,r-278c32e2,applies,unknown
A0421,r-27f4d965,applies,unknown
A0421,r-2b290690,applies,unknown
A0421,r-30b18f96,applies,unknown
A0421,r-48c8c1b0,superseded,unknown
A0421,r-52dbca2e,applies,unknown
A0421,r-7c8b33f9,applies,unknown
A0421,r-8237b0ce,applies,unknown
A0421,r-869b1a8c,applies,unknown
A0421,r-96f16208,applies,unknown
A0421,r-a2190629,applies,unknown
A0421,r-a3048f26,applies,unknown
A0421,r-ad07550f,applies,unknown
A0421,r-aeb12cba,applies,unknown
A0421,r-e61d4419,applies,unknown
A0421,r-e73f1627,applies,unknown
A0421,r-f06d7c5e,applies,unknown
A0422,r-10c48ed7,applies,unknown
A0422,r-d4a56cd0,applies,unknown
A0423,r-10c48ed7,applies,unknown
A0423,r-777a6012,applies,unknown
A0423,r-d4a56cd0,applies,unknown
A0424,r-16f6b5d3,applies,unknown
A0425,r-21673199,applies,unknown
A0425,r-278c32e2,applies,unknown
A0425,r-27f4d965,applies,unknown
A0425,r-28dd2ea6,applies,unknown
A0425,r-30b18f96,applies,unknown
A0425,r-48c8c1b0,superseded,unknown
A0425,r-52dbca2e,applies,unknown
A0425,r-74dde1b0,applies,unknown
A0425,r-7c8b33f9,applies,unknown
A0425,r-8237b0ce,applies,unknown
A0425,r-946122d8,applies,unknown
A0425,r-96f16208,applies,unknown
A0425,r-9878a0b8,applies,unknown
A0425,r-a2190629,applies,unknown
A0425,r-a3048f26,applies,unknown
A0425,r-ad07550f,applies,unknown
A0425,r-aeb12cba,applies,unknown
A0425,r-c0776898,applies,unknown
A0425,r-e61d4419,applies,unknown
A0425,r-f06d7c5e,applies,unknown
A0425,r-f7c43eb6,applies,unknown
A0426,r-21673199,applies,unknown
A0426,r-278c32e2,applies,unknown
A0426,r-27f4d965,applies,unknown
A0426,r-30b18f96,applies,unknown
A0426,r-48c8c1b0,superseded,unknown
A0426,r-4a9e3484,applies,unknown
A0426,r-52dbca2e,applies,unknown
A0426,r-5ef71379,applies,unknown
A0426,r-7c8b33f9,applies,unknown
A0426,r-8237b0ce,applies,unknown
A0426,r-96f16208,applies,unknown
A0426,r-a2190629,applies,unknown
A0426,r-a3048f26,applies,unknown
A0426,r-ad07550f,applies,unknown
A0426,r-aeb12cba,applies,unknown
A0426,r-e61d4419,applies,unknown
A0426,r-f06d7c5e,applies,unknown
A0427,r-1f90d32d,does_not_apply,unknown
A0427,r-21673199,applies,unknown
A0427,r-26ba6031,does_not_apply,unknown
A0427,r-278c32e2,applies,unknown
A0427,r-27f4d965,applies,unknown
A0427,r-30b18f96,applies,unknown
A0427,r-4c54c0f8,does_not_apply,unknown
A0427,r-52dbca2e,applies,unknown
A0427,r-7c8b33f9,applies,unknown
A0427,r-8237b0ce,applies,unknown
A0427,r-96f16208,applies,unknown
A0427,r-a0daef9e,does_not_apply,unknown
A0427,r-a2190629,applies,unknown
A0427,r-a3048f26,applies,unknown
A0427,r-ad07550f,applies,unknown
A0427,r-ae48cb6c,does_not_apply,unknown
A0427,r-aeb12cba,applies,unknown
A0427,r-e61d4419,applies,unknown
A0427,r-f06d7c5e,applies,unknown
A0428,r-16f6b5d3,applies,unknown
A0429,r-10c48ed7,applies,unknown
A0429,r-777a6012,applies,unknown
A0429,r-d4a56cd0,applies,unknown
A0430,r-16050310,applies,unknown
A0430,r-21673199,applies,unknown
A0430,r-25e6edf6,applies,unknown
A0430,r-278c32e2,applies,unknown
A0430,r-27f4d965,applies,unknown
A0430,r-30b18f96,applies,unknown
A0430,r-48c8c1b0,superseded,unknown
A0430,r-52dbca2e,applies,unknown
A0430,r-5e569c49,applies,unknown
A0430,r-6fc82c1c,applies,unknown
A0430,r-7c8b33f9,applies,unknown
A0430,r-8237b0ce,applies,unknown
A0430,r-96f16208,applies,unknown
A0430,r-9d61e287,applies,unknown
A0430,r-9e5fe825,applies,unknown
A0430,r-a2190629,applies,unknown
A0430,r-a3048f26,applies,unknown
A0430,r-ad07550f,applies,unknown
A0430,r-aeb12cba,applies,unknown
A0430,r-b0e8e0b7,applies,unknown
A0430,r-b7efbc45,applies,unknown
A0430,r-ddfdad05,applies,unknown
A0430,r-e61d4419,applies,unknown
A0430,r-f06d7c5e,applies,unknown
A0430,r-f642556a,applies,unknown
A0431,r-21673199,applies,unknown
A0431,r-278c32e2,applies,unknown
A0431,r-27f4d965,applies,unknown
A0431,r-30b18f96,applies,unknown
A0431,r-48c8c1b0,superseded,unknown
A0431,r-4a9e3484,applies,unknown
A0431,r-52dbca2e,applies,unknown
A0431,r-5ef71379,applies,unknown
A0431,r-7c8b33f9,applies,unknown
A0431,r-8237b0ce,applies,unknown
A0431,r-96f16208,applies,unknown
A0431,r-a2190629,applies,unknown
A0431,r-a3048f26,applies,unknown
A0431,r-ad07550f,applies,unknown
A0431,r-aeb12cba,applies,unknown
A0431,r-e61d4419,applies,unknown
A0431,r-f06d7c5e,applies,unknown
A0432,r-027144eb,applies,unknown
A0432,r-21673199,applies,unknown
A0432,r-278c32e2,applies,unknown
A0432,r-27f4d965,applies,unknown
A0432,r-2b290690,applies,unknown
A0432,r-30b18f96,applies,unknown
A0432,r-48c8c1b0,superseded,unknown
A0432,r-52dbca2e,applies,unknown
A0432,r-7c8b33f9,applies,unknown
A0432,r-8237b0ce,applies,unknown
A0432,r-869b1a8c,applies,unknown
A0432,r-96f16208,applies,unknown
A0432,r-a2190629,applies,unknown
A0432,r-a3048f26,applies,unknown
A0432,r-ad07550f,applies,unknown
A0432,r-aeb12cba,applies,unknown
A0432,r-e61d4419,applies,unknown
A0432,r-e73f1627,applies,unknown
A0432,r-f06d7c5e,applies,unknown
A0433,r-027144eb,applies,unknown
A0433,r-21673199,applies,unknown
A0433,r-278c32e2,applies,unknown
A0433,r-27f4d965,applies,unknown
A0433,r-2b290690,applies,unknown
A0433,r-30b18f96,applies,unknown
A0433,r-48c8c1b0,superseded,unknown
A0433,r-52dbca2e,applies,unknown
A0433,r-7c8b33f9,applies,unknown
A0433,r-8237b0ce,applies,unknown
A0433,r-869b1a8c,applies,unknown
A0433,r-96f16208,applies,unknown
A0433,r-a2190629,applies,unknown
A0433,r-a3048f26,applies,unknown
A0433,r-ad07550f,applies,unknown
A0433,r-aeb12cba,applies,unknown
A0433,r-e61d4419,applies,unknown
A0433,r-e73f1627,applies,unknown
A0433,r-f06d7c5e,applies,unknown
A0434,r-21673199,applies,unknown
A0434,r-278c32e2,applies,unknown
A0434,r-27f4d965,applies,unknown
A0434,r-28dd2ea6,applies,unknown
A0434,r-30b18f96,applies,unknown
A0434,r-48c8c1b0,superseded,unknown
A0434,r-52dbca2e,applies,unknown
A0434,r-74dde1b0,applies,unknown
A0434,r-7c8b33f9,applies,unknown
A0434,r-8237b0ce,applies,unknown
A0434,r-946122d8,applies,unknown
A0434,r-96f16208,applies,unknown
A0434,r-9878a0b8,applies,unknown
A0434,r-a2190629,applies,unknown
A0434,r-a3048f26,applies,unknown
A0434,r-ad07550f,applies,unknown
A0434,r-aeb12cba,applies,unknown
A0434,r-c0776898,applies,unknown
A0434,r-e61d4419,applies,unknown
A0434,r-f06d7c5e,applies,unknown
A0434,r-f7c43eb6,applies,unknown
A0435,r-16f6b5d3,applies,unknown
A0436,r-16f6b5d3,applies,unknown
A0437,r-027144eb,applies,unknown
A0437,r-1f90d32d,does_not_apply,unknown
A0437,r-21673199,applies,unknown
A0437,r-278c32e2,applies,unknown
A0437,r-27f4d965,applies,unknown
A0437,r-2b290690,applies,unknown
A0437,r-30b18f96,applies,unknown
A0437,r-48c8c1b0,superseded,unknown
A0437,r-52dbca2e,applies,unknown
A0437,r-7c8b33f9,applies,unknown
A0437,r-8237b0ce,applies,unknown
A0437,r-869b1a8c,applies,unknown
A0437,r-96f16208,applies,unknown
A0437,r-a2190629,applies,unknown
A0437,r-a3048f26,applies,unknown
A0437,r-ad07550f,applies,unknown
A0437,r-aeb12cba,applies,unknown
A0437,r-e61d4419,applies,unknown
A0437,r-e73f1627,applies,unknown
A0437,r-f06d7c5e,applies,unknown
A0438,r-16f6b5d3,applies,unknown
A0439,r-21673199,applies,unknown
A0439,r-278c32e2,applies,unknown
A0439,r-27f4d965,applies,unknown
A0439,r-28dd2ea6,applies,unknown
A0439,r-30b18f96,applies,unknown
A0439,r-48c8c1b0,superseded,unknown
A0439,r-52dbca2e,applies,unknown
A0439,r-74dde1b0,applies,unknown
A0439,r-7c8b33f9,applies,unknown
A0439,r-8237b0ce,applies,unknown
A0439,r-946122d8,applies,unknown
A0439,r-96f16208,applies,unknown
A0439,r-9878a0b8,applies,unknown
A0439,r-a2190629,applies,unknown
A0439,r-a3048f26,applies,unknown
A0439,r-ad07550f,applies,unknown
A0439,r-aeb12cba,applies,unknown
A0439,r-c0776898,applies,unknown
A0439,r-e61d4419,applies,unknown
A0439,r-f06d7c5e,applies,unknown
A0439,r-f7c43eb6,applies,unknown
A0440,r-21673199,applies,unknown
A0440,r-278c32e2,applies,unknown
A0440,r-27f4d965,applies,unknown
A0440,r-28dd2ea6,applies,unknown
A0440,r-30b18f96,applies,unknown
A0440,r-48c8c1b0,superseded,unknown
A0440,r-52dbca2e,applies,unknown
A0440,r-74dde1b0,applies,unknown
A0440,r-7c8b33f9,applies,unknown
A0440,r-8237b0ce,applies,unknown
A0440,r-946122d8,applies,unknown
A0440,r-96f16208,applies,unknown
A0440,r-9878a0b8,applies,unknown
A0440,r-a2190629,applies,unknown
A0440,r-a3048f26,applies,unknown
A0440,r-ad07550f,applies,unknown
A0440,r-aeb12cba,applies,unknown
A0440,r-c0776898,applies,unknown
A0440,r-e61d4419,applies,unknown
A0440,r-f06d7c5e,applies,unknown
A0440,r-f7c43eb6,applies,unknown
A0441,r-21673199,applies,unknown
A0441,r-278c32e2,applies,unknown
A0441,r-27f4d965,applies,unknown
A0441,r-30b18f96,applies,unknown
A0441,r-48c8c1b0,superseded,unknown
A0441,r-4a9e3484,applies,unknown
A0441,r-52dbca2e,applies,unknown
A0441,r-5ef71379,applies,unknown
A0441,r-7c8b33f9,applies,unknown
A0441,r-8237b0ce,applies,unknown
A0441,r-96f16208,applies,unknown
A0441,r-a2190629,applies,unknown
A0441,r-a3048f26,applies,unknown
A0441,r-ad07550f,applies,unknown
A0441,r-aeb12cba,applies,unknown
A0441,r-e61d4419,applies,unknown
A0441,r-f06d7c5e,applies,unknown
A0442,r-027144eb,applies,unknown
A0442,r-1f90d32d,does_not_apply,unknown
A0442,r-21673199,applies,unknown
A0442,r-278c32e2,applies,unknown
A0442,r-27f4d965,applies,unknown
A0442,r-2b290690,applies,unknown
A0442,r-30b18f96,applies,unknown
A0442,r-48c8c1b0,superseded,unknown
A0442,r-52dbca2e,applies,unknown
A0442,r-7c8b33f9,applies,unknown
A0442,r-8237b0ce,applies,unknown
A0442,r-869b1a8c,applies,unknown
A0442,r-96f16208,applies,unknown
A0442,r-a2190629,applies,unknown
A0442,r-a3048f26,applies,unknown
A0442,r-ad07550f,applies,unknown
A0442,r-aeb12cba,applies,unknown
A0442,r-e61d4419,applies,unknown
A0442,r-e73f1627,applies,unknown
A0442,r-f06d7c5e,applies,unknown
A0443,r-21673199,applies,unknown
A0443,r-278c32e2,applies,unknown
A0443,r-27f4d965,applies,unknown
A0443,r-30b18f96,applies,unknown
A0443,r-48c8c1b0,superseded,unknown
A0443,r-4a9e3484,applies,unknown
A0443,r-52dbca2e,applies,unknown
A0443,r-5ef71379,applies,unknown
A0443,r-7c8b33f9,applies,unknown
A0443,r-8237b0ce,applies,unknown
A0443,r-96f16208,applies,unknown
A0443,r-a2190629,applies,unknown
A0443,r-a3048f26,applies,unknown
A0443,r-ad07550f,applies,unknown
A0443,r-aeb12cba,applies,unknown
A0443,r-e61d4419,applies,unknown
A0443,r-f06d7c5e,applies,unknown
A0444,r-10c48ed7,applies,unknown
A0444,r-777a6012,applies,unknown
A0444,r-d4a56cd0,applies,unknown
A0445,r-027144eb,applies,unknown
A0445,r-21673199,applies,unknown
A0445,r-278c32e2,applies,unknown
A0445,r-27f4d965,applies,unknown
A0445,r-2b290690,applies,unknown
A0445,r-30b18f96,applies,unknown
A0445,r-48c8c1b0,superseded,unknown
A0445,r-52dbca2e,applies,unknown
A0445,r-7c8b33f9,applies,unknown
A0445,r-8237b0ce,applies,unknown
A0445,r-869b1a8c,applies,unknown
A0445,r-96f16208,applies,unknown
A0445,r-a2190629,applies,unknown
A0445,r-a3048f26,applies,unknown
A0445,r-ad07550f,applies,unknown
A0445,r-aeb12cba,applies,unknown
A0445,r-e61d4419,applies,unknown
A0445,r-e73f1627,applies,unknown
A0445,r-f06d7c5e,applies,unknown
A0446,r-10c48ed7,applies,unknown
A0446,r-777a6012,applies,unknown
A0446,r-d4a56cd0,applies,unknown
A0447,r-16f6b5d3,applies,unknown
A0448,r-16f6b5d3,applies,unknown
A0449,r-16f6b5d3,applies,unknown
A0450,r-16f6b5d3,applies,unknown
A0451,r-027144eb,applies,unknown
A0451,r-1f90d32d,does_not_apply,unknown
A0451,r-21673199,applies,unknown
A0451,r-278c32e2,applies,unknown
A0451,r-27f4d965,applies,unknown
A0451,r-2b290690,applies,unknown
A0451,r-30b18f96,applies,unknown
A0451,r-48c8c1b0,superseded,unknown
A0451,r-52dbca2e,applies,unknown
A0451,r-7c8b33f9,applies,unknown
A0451,r-8237b0ce,applies,unknown
A0451,r-869b1a8c,applies,unknown
A0451,r-96f16208,applies,unknown
A0451,r-a2190629,applies,unknown
A0451,r-a3048f26,applies,unknown
A0451,r-ad07550f,applies,unknown
A0451,r-aeb12cba,applies,unknown
A0451,r-e61d4419,applies,unknown
A0451,r-e73f1627,applies,unknown
A0451,r-f06d7c5e,applies,unknown
A0452,r-027144eb,applies,unknown
A0452,r-21673199,applies,unknown
A0452,r-278c32e2,applies,unknown
A0452,r-27f4d965,applies,unknown
A0452,r-2b290690,applies,unknown
A0452,r-30b18f96,applies,unknown
A0452,r-48c8c1b0,superseded,unknown
A0452,r-52dbca2e,applies,unknown
A0452,r-7c8b33f9,applies,unknown
A0452,r-8237b0ce,applies,unknown
A0452,r-869b1a8c,applies,unknown
A0452,r-96f16208,applies,unknown
A0452,r-a2190629,applies,unknown
A0452,r-a3048f26,applies,unknown
A0452,r-ad07550f,applies,unknown
A0452,r-aeb12cba,applies,unknown
A0452,r-e61d4419,applies,unknown
A0452,r-e73f1627,applies,unknown
A0452,r-f06d7c5e,applies,unknown
A0453,r-10c48ed7,applies,unknown
A0453,r-d4a56cd0,applies,unknown
A0454,r-027144eb,applies,unknown
A0454,r-21673199,applies,unknown
A0454,r-278c32e2,applies,unknown
A0454,r-27f4d965,applies,unknown
A0454,r-2b290690,applies,unknown
A0454,r-30b18f96,applies,unknown
A0454,r-48c8c1b0,superseded,unknown
A0454,r-52dbca2e,applies,unknown
A0454,r-7c8b33f9,applies,unknown
A0454,r-8237b0ce,applies,unknown
A0454,r-869b1a8c,applies,unknown
A0454,r-96f16208,applies,unknown
A0454,r-a2190629,applies,unknown
A0454,r-a3048f26,applies,unknown
A0454,r-ad07550f,applies,unknown
A0454,r-aeb12cba,applies,unknown
A0454,r-e61d4419,applies,unknown
A0454,r-e73f1627,applies,unknown
A0454,r-f06d7c5e,applies,unknown
A0455,r-16f6b5d3,applies,unknown
A0456,r-21673199,applies,unknown
A0456,r-278c32e2,applies,unknown
A0456,r-27f4d965,applies,unknown
A0456,r-30b18f96,applies,unknown
A0456,r-48c8c1b0,superseded,unknown
A0456,r-4a9e3484,applies,unknown
A0456,r-52dbca2e,applies,unknown
A0456,r-5ef71379,applies,unknown
A0456,r-7c8b33f9,applies,unknown
A0456,r-8237b0ce,applies,unknown
A0456,r-96f16208,applies,unknown
A0456,r-a2190629,applies,unknown
A0456,r-a3048f26,applies,unknown
A0456,r-ad07550f,applies,unknown
A0456,r-aeb12cba,applies,unknown
A0456,r-e61d4419,applies,unknown
A0456,r-f06d7c5e,applies,unknown
A0457,r-21673199,applies,unknown
A0457,r-278c32e2,applies,unknown
A0457,r-27f4d965,applies,unknown
A0457,r-28dd2ea6,applies,unknown
A0457,r-30b18f96,applies,unknown
A0457,r-48c8c1b0,superseded,unknown
A0457,r-52dbca2e,applies,unknown
A0457,r-74dde1b0,applies,unknown
A0457,r-7c8b33f9,applies,unknown
A0457,r-8237b0ce,applies,unknown
A0457,r-946122d8,applies,unknown
A0457,r-96f16208,applies,unknown
A0457,r-9878a0b8,applies,unknown
A0457,r-a2190629,applies,unknown
A0457,r-a3048f26,applies,unknown
A0457,r-ad07550f,applies,unknown
A0457,r-aeb12cba,applies,unknown
A0457,r-c0776898,applies,unknown
A0457,r-e61d4419,applies,unknown
A0457,r-f06d7c5e,applies,unknown
A0457,r-f7c43eb6,applies,unknown
A0458,r-027144eb,applies,unknown
A0458,r-21673199,applies,unknown
A0458,r-278c32e2,applies,unknown
A0458,r-27f4d965,applies,unknown
A0458,r-2b290690,applies,unknown
A0458,r-30b18f96,applies,unknown
A0458,r-48c8c1b0,superseded,unknown
A0458,r-52dbca2e,applies,unknown
A0458,r-7c8b33f9,applies,unknown
A0458,r-8237b0ce,applies,unknown
A0458,r-869b1a8c,applies,unknown
A0458,r-96f16208,applies,unknown
A0458,r-a2190629,applies,unknown
A0458,r-a3048f26,applies,unknown
A0458,r-ad07550f,applies,unknown
A0458,r-aeb12cba,applies,unknown
A0458,r-e61d4419,applies,unknown
A0458,r-e73f1627,applies,unknown
A0458,r-f06d7c5e,applies,unknown
A0459,r-16f6b5d3,applies,unknown
A0460,r-16f6b5d3,applies,unknown
A0461,r-21673199,applies,unknown
A0461,r-278c32e2,applies,unknown
A0461,r-27f4d965,applies,unknown
A0461,r-28dd2ea6,applies,unknown
A0461,r-30b18f96,applies,unknown
A0461,r-48c8c1b0,superseded,unknown
A0461,r-52dbca2e,applies,unknown
A0461,r-74dde1b0,applies,unknown
A0461,r-7c8b33f9,applies,unknown
A0461,r-8237b0ce,applies,unknown
A0461,r-946122d8,applies,unknown
A0461,r-96f16208,applies,unknown
A0461,r-9878a0b8,applies,unknown
A0461,r-a2190629,applies,unknown
A0461,r-a3048f26,applies,unknown
A0461,r-ad07550f,applies,unknown
A0461,r-aeb12cba,applies,unknown
A0461,r-c0776898,applies,unknown
A0461,r-e61d4419,applies,unknown
A0461,r-f06d7c5e,applies,unknown
A0461,r-f7c43eb6,applies,unknown
A0462,r-16f6b5d3,applies,unknown
A0463,r-10c48ed7,applies,unknown
A0463,r-777a6012,applies,unknown
A0463,r-d4a56cd0,applies,unknown
A0464,r-10c48ed7,applies,unknown
A0464,r-777a6012,applies,unknown
A0464,r-d4a56cd0,applies,unknown
A0465,r-10c48ed7,applies,unknown
A0465,r-d4a56cd0,applies,unknown
A0466,r-10c48ed7,applies,unknown
A0466,r-777a6012,applies,unknown
A0466,r-d4a56cd0,applies,unknown
A0467,r-10c48ed7,applies,unknown
A0467,r-777a6012,applies,unknown
A0467,r-d4a56cd0,applies,unknown
A0468,r-10c48ed7,applies,unknown
A0468,r-d4a56cd0,applies,unknown
A0469,r-16050310,applies,unknown
A0469,r-21673199,applies,unknown
A0469,r-25e6edf6,applies,unknown
A0469,r-278c32e2,applies,unknown
A0469,r-27f4d965,applies,unknown
A0469,r-30b18f96,applies,unknown
A0469,r-48c8c1b0,superseded,unknown
A0469,r-52dbca2e,applies,unknown
A0469,r-5e569c49,applies,unknown
A0469,r-6fc82c1c,applies,unknown
A0469,r-7c8b33f9,applies,unknown
A0469,r-8237b0ce,applies,unknown
A0469,r-96f16208,applies,unknown
A0469,r-9d61e287,applies,unknown
A0469,r-9e5fe825,applies,unknown
A0469,r-a2190629,applies,unknown
A0469,r-a3048f26,applies,unknown
A0469,r-ad07550f,applies,unknown
A0469,r-aeb12cba,applies,unknown
A0469,r-b0e8e0b7,applies,unknown
A0469,r-b7efbc45,applies,unknown
A0469,r-ddfdad05,applies,unknown
A0469,r-e61d4419,applies,unknown
A0469,r-f06d7c5e,applies,unknown
A0469,r-f642556a,applies,unknown
A0470,r-16050310,applies,unknown
A0470,r-21673199,applies,unknown
A0470,r-25e6edf6,applies,unknown
A0470,r-278c32e2,applies,unknown
A0470,r-27f4d965,applies,unknown
A0470,r-30b18f96,applies,unknown
A0470,r-48c8c1b0,superseded,unknown
A0470,r-52dbca2e,applies,unknown
A0470,r-5e569c49,applies,unknown
A0470,r-6fc82c1c,applies,unknown
A0470,r-7c8b33f9,applies,unknown
A0470,r-8237b0ce,applies,unknown
A0470,r-96f16208,applies,unknown
A0470,r-9d61e287,applies,unknown
A0470,r-9e5fe825,applies,unknown
A0470,r-a2190629,applies,unknown
A0470,r-a3048f26,applies,unknown
A0470,r-ad07550f,applies,unknown
A0470,r-aeb12cba,applies,unknown
A0470,r-b0e8e0b7,applies,unknown
A0470,r-b7efbc45,applies,unknown
A0470,r-ddfdad05,applies,unknown
A0470,r-e61d4419,applies,unknown
A0470,r-f06d7c5e,applies,unknown
A0470,r-f642556a,applies,unknown
A0471,r-16f6b5d3,applies,unknown
A0472,r-16f6b5d3,applies,unknown
A0473,r-10c48ed7,applies,unknown
A0473,r-777a6012,applies,unknown
A0473,r-d4a56cd0,applies,unknown
A0474,r-027144eb,applies,unknown
A0474,r-21673199,applies,unknown
A0474,r-278c32e2,applies,unknown
A0474,r-27f4d965,applies,unknown
A0474,r-2b290690,applies,unknown
A0474,r-30b18f96,applies,unknown
A0474,r-48c8c1b0,superseded,unknown
A0474,r-52dbca2e,applies,unknown
A0474,r-7c8b33f9,applies,unknown
A0474,r-8237b0ce,applies,unknown
A0474,r-869b1a8c,applies,unknown
A0474,r-96f16208,applies,unknown
A0474,r-a2190629,applies,unknown
A0474,r-a3048f26,applies,unknown
A0474,r-ad07550f,applies,unknown
A0474,r-aeb12cba,applies,unknown
A0474,r-e61d4419,applies,unknown
A0474,r-e73f1627,applies,unknown
A0474,r-f06d7c5e,applies,unknown
A0475,r-16f6b5d3,applies,unknown
A0476,r-16f6b5d3,applies,unknown
A0477,r-21673199,applies,unknown
A0477,r-278c32e2,applies,unknown
A0477,r-27f4d965,applies,unknown
A0477,r-28dd2ea6,applies,unknown
A0477,r-30b18f96,applies,unknown
A0477,r-48c8c1b0,superseded,unknown
A0477,r-52dbca2e,applies,unknown
A0477,r-74dde1b0,applies,unknown
A0477,r-7c8b33f9,applies,unknown
A0477,r-8237b0ce,applies,unknown
A0477,r-946122d8,applies,unknown
A0477,r-96f16208,applies,unknown
A0477,r-9878a0b8,applies,unknown
A0477,r-a2190629,applies,unknown
A0477,r-a3048f26,applies,unknown
A0477,r-ad07550f,applies,unknown
A0477,r-aeb12cba,applies,unknown
A0477,r-c0776898,applies,unknown
A0477,r-e61d4419,applies,unknown
A0477,r-f06d7c5e,applies,unknown
A0477,r-f7c43eb6,applies,unknown
A0478,r-21673199,applies,unknown
A0478,r-278c32e2,applies,unknown
A0478,r-27f4d965,applies,unknown
A0478,r-30b18f96,applies,unknown
A0478,r-48c8c1b0,superseded,unknown
A0478,r-4a9e3484,applies,unknown
A0478,r-52dbca2e,applies,unknown
A0478,r-5ef71379,applies,unknown
A0478,r-7c8b33f9,applies,unknown
A0478,r-8237b0ce,applies,unknown
A0478,r-96f16208,applies,unknown
A0478,r-a2190629,applies,unknown
A0478,r-a3048f26,applies,unknown
A0478,r-ad07550f,applies,unknown
A0478,r-aeb12cba,applies,unknown
A0478,r-e61d4419,applies,unknown
A0478,r-f06d7c5e,applies,unknown
A0479,r-027144eb,applies,unknown
A0479,r-1f90d32d,does_not_apply,unknown
A0479,r-21673199,applies,unknown
A0479,r-278c32e2,applies,unknown
A0479,r-27f4d965,applies,unknown
A0479,r-2b290690,applies,unknown
A0479,r-30b18f96,applies,unknown
A0479,r-48c8c1b0,superseded,unknown
A0479,r-52dbca2e,applies,unknown
A0479,r-7c8b33f9,applies,unknown
A0479,r-8237b0ce,applies,unknown
A0479,r-869b1a8c,applies,unknown
A0479,r-96f16208,applies,unknown
A0479,r-a2190629,applies,unknown
A0479,r-a3048f26,applies,unknown
A0479,r-ad07550f,applies,unknown
A0479,r-aeb12cba,applies,unknown
A0479,r-e61d4419,applies,unknown
A0479,r-e73f1627,applies,unknown
A0479,r-f06d7c5e,applies,unknown
A0480,r-21673199,applies,unknown
A0480,r-278c32e2,applies,unknown
A0480,r-27f4d965,applies,unknown
A0480,r-30b18f96,applies,unknown
A0480,r-52dbca2e,applies,unknown
A0480,r-7c8b33f9,applies,unknown
A0480,r-8237b0ce,applies,unknown
A0480,r-96f16208,applies,unknown
A0480,r-a2190629,applies,unknown
A0480,r-a3048f26,applies,unknown
A0480,r-ad07550f,applies,unknown
A0480,r-aeb12cba,applies,unknown
A0480,r-e61d4419,applies,unknown
A0480,r-f06d7c5e,applies,unknown
A0481,r-21673199,applies,unknown
A0481,r-278c32e2,applies,unknown
A0481,r-27f4d965,applies,unknown
A0481,r-28dd2ea6,applies,unknown
A0481,r-30b18f96,applies,unknown
A0481,r-48c8c1b0,superseded,unknown
A0481,r-52dbca2e,applies,unknown
A0481,r-74dde1b0,applies,unknown
A0481,r-7c8b33f9,applies,unknown
A0481,r-8237b0ce,applies,unknown
A0481,r-946122d8,applies,unknown
A0481,r-96f16208,applies,unknown
A0481,r-9878a0b8,applies,unknown
A0481,r-a2190629,applies,unknown
A0481,r-a3048f26,applies,unknown
A0481,r-ad07550f,applies,unknown
A0481,r-aeb12cba,applies,unknown
A0481,r-c0776898,applies,unknown
A0481,r-e61d4419,applies,unknown
A0481,r-f06d7c5e,applies,unknown
A0481,r-f7c43eb6,applies,unknown
A0482,r-16f6b5d3,applies,unknown
A0483,r-21673199,applies,unknown
A0483,r-278c32e2,applies,unknown
A0483,r-27f4d965,applies,unknown
A0483,r-28dd2ea6,applies,unknown
A0483,r-30b18f96,applies,unknown
A0483,r-48c8c1b0,superseded,unknown
A0483,r-52dbca2e,applies,unknown
A0483,r-74dde1b0,applies,unknown
A0483,r-7c8b33f9,applies,unknown
A0483,r-8237b0ce,applies,unknown
A0483,r-946122d8,applies,unknown
A0483,r-96f16208,applies,unknown
A0483,r-9878a0b8,applies,unknown
A0483,r-a2190629,applies,unknown
A0483,r-a3048f26,applies,unknown
A0483,r-ad07550f,applies,unknown
A0483,r-aeb12cba,applies,unknown
A0483,r-c0776898,applies,unknown
A0483,r-e61d4419,applies,unknown
A0483,r-f06d7c5e,applies,unknown
A0483,r-f7c43eb6,applies,unknown
A0484,r-21673199,applies,unknown
A0484,r-278c32e2,applies,unknown
A0484,r-27f4d965,applies,unknown
A0484,r-28dd2ea6,applies,unknown
A0484,r-30b18f96,applies,unknown
A0484,r-48c8c1b0,superseded,unknown
A0484,r-52dbca2e,applies,unknown
A0484,r-74dde1b0,applies,unknown
A0484,r-7c8b33f9,applies,unknown
A0484,r-8237b0ce,applies,unknown
A0484,r-946122d8,applies,unknown
A0484,r-96f16208,applies,unknown
A0484,r-9878a0b8,applies,unknown
A0484,r-a2190629,applies,unknown
A0484,r-a3048f26,applies,unknown
A0484,r-ad07550f,applies,unknown
A0484,r-aeb12cba,applies,unknown
A0484,r-c0776898,applies,unknown
A0484,r-e61d4419,applies,unknown
A0484,r-f06d7c5e,applies,unknown
A0484,r-f7c43eb6,applies,unknown
A0485,r-10c48ed7,applies,unknown
A0485,r-d4a56cd0,applies,unknown
A0486,r-21673199,applies,unknown
A0486,r-278c32e2,applies,unknown
A0486,r-27f4d965,applies,unknown
A0486,r-28dd2ea6,applies,unknown
A0486,r-30b18f96,applies,unknown
A0486,r-48c8c1b0,superseded,unknown
A0486,r-52dbca2e,applies,unknown
A0486,r-74dde1b0,applies,unknown
A0486,r-7c8b33f9,applies,unknown
A0486,r-8237b0ce,applies,unknown
A0486,r-946122d8,applies,unknown
A0486,r-96f16208,applies,unknown
A0486,r-9878a0b8,applies,unknown
A0486,r-a2190629,applies,unknown
A0486,r-a3048f26,applies,unknown
A0486,r-ad07550f,applies,unknown
A0486,r-aeb12cba,applies,unknown
A0486,r-c0776898,applies,unknown
A0486,r-e61d4419,applies,unknown
A0486,r-f06d7c5e,applies,unknown
A0486,r-f7c43eb6,applies,unknown
A0487,r-21673199,applies,unknown
A0487,r-278c32e2,applies,unknown
A0487,r-27f4d965,applies,unknown
A0487,r-28dd2ea6,applies,unknown
A0487,r-30b18f96,applies,unknown
A0487,r-48c8c1b0,superseded,unknown
A0487,r-52dbca2e,applies,unknown
A0487,r-74dde1b0,applies,unknown
A0487,r-7c8b33f9,applies,unknown
A0487,r-8237b0ce,applies,unknown
A0487,r-946122d8,applies,unknown
A0487,r-96f16208,applies,unknown
A0487,r-9878a0b8,applies,unknown
A0487,r-a2190629,applies,unknown
A0487,r-a3048f26,applies,unknown
A0487,r-ad07550f,applies,unknown
A0487,r-aeb12cba,applies,unknown
A0487,r-c0776898,applies,unknown
A0487,r-e61d4419,applies,unknown
A0487,r-f06d7c5e,applies,unknown
A0487,r-f7c43eb6,applies,unknown
A0488,r-10c48ed7,applies,unknown
A0488,r-777a6012,applies,unknown
A0488,r-d4a56cd0,applies,unknown
A0489,r-16f6b5d3,applies,unknown
A0490,r-16f6b5d3,applies,unknown
A0491,r-16f6b5d3,applies,unknown
A0492,r-027144eb,applies,unknown
A0492,r-1f90d32d,does_not_apply,unknown
A0492,r-21673199,applies,unknown
A0492,r-278c32e2,applies,unknown
A0492,r-27f4d965,applies,unknown
A0492,r-2b290690,applies,unknown
A0492,r-30b18f96,applies,unknown
A0492,r-48c8c1b0,superseded,unknown
A0492,r-52dbca2e,applies,unknown
A0492,r-7c8b33f9,applies,unknown
A0492,r-8237b0ce,applies,unknown
A0492,r-869b1a8c,applies,unknown
A0492,r-96f16208,applies,unknown
A0492,r-a2190629,applies,unknown
A0492,r-a3048f26,applies,unknown
A0492,r-ad07550f,applies,unknown
A0492,r-aeb12cba,applies,unknown
A0492,r-e61d4419,applies,unknown
A0492,r-e73f1627,applies,unknown
A0492,r-f06d7c5e,applies,unknown
A0493,r-21673199,applies,unknown
A0493,r-278c32e2,applies,unknown
A0493,r-27f4d965,applies,unknown
A0493,r-28dd2ea6,applies,unknown
A0493,r-30b18f96,applies,unknown
A0493,r-48c8c1b0,superseded,unknown
A0493,r-52dbca2e,applies,unknown
A0493,r-74dde1b0,applies,unknown
A0493,r-7c8b33f9,applies,unknown
A0493,r-8237b0ce,applies,unknown
A0493,r-946122d8,applies,unknown
A0493,r-96f16208,applies,unknown
A0493,r-9878a0b8,applies,unknown
A0493,r-a2190629,applies,unknown
A0493,r-a3048f26,applies,unknown
A0493,r-ad07550f,applies,unknown
A0493,r-aeb12cba,applies,unknown
A0493,r-c0776898,applies,unknown
A0493,r-e61d4419,applies,unknown
A0493,r-f06d7c5e,applies,unknown
A0493,r-f7c43eb6,applies,unknown
A0494,r-21673199,applies,unknown
A0494,r-278c32e2,applies,unknown
A0494,r-27f4d965,applies,unknown
A0494,r-28dd2ea6,applies,unknown
A0494,r-30b18f96,applies,unknown
A0494,r-48c8c1b0,superseded,unknown
A0494,r-52dbca2e,applies,unknown
A0494,r-74dde1b0,applies,unknown
A0494,r-7c8b33f9,applies,unknown
A0494,r-8237b0ce,applies,unknown
A0494,r-946122d8,applies,unknown
A0494,r-96f16208,applies,unknown
A0494,r-9878a0b8,applies,unknown
A0494,r-a2190629,applies,unknown
A0494,r-a3048f26,applies,unknown
A0494,r-ad07550f,applies,unknown
A0494,r-aeb12cba,applies,unknown
A0494,r-c0776898,applies,unknown
A0494,r-e61d4419,applies,unknown
A0494,r-f06d7c5e,applies,unknown
A0494,r-f7c43eb6,applies,unknown
A0495,r-16f6b5d3,applies,unknown
A0496,r-21673199,applies,unknown
A0496,r-278c32e2,applies,unknown
A0496,r-27f4d965,applies,unknown
A0496,r-30b18f96,applies,unknown
A0496,r-48c8c1b0,superseded,unknown
A0496,r-4a9e3484,applies,unknown
A0496,r-52dbca2e,applies,unknown
A0496,r-5ef71379,applies,unknown
A0496,r-7c8b33f9,applies,unknown
A0496,r-8237b0ce,applies,unknown
A0496,r-96f16208,applies,unknown
A0496,r-a2190629,applies,unknown
A0496,r-a3048f26,applies,unknown
A0496,r-ad07550f,applies,unknown
A0496,r-aeb12cba,applies,unknown
A0496,r-e61d4419,applies,unknown
A0496,r-f06d7c5e,applies,unknown
A0497,r-21673199,applies,unknown
A0497,r-278c32e2,applies,unknown
A0497,r-27f4d965,applies,unknown
A0497,r-30b18f96,applies,unknown
A0497,r-48c8c1b0,superseded,unknown
A0497,r-4a9e3484,applies,unknown
A0497,r-52dbca2e,applies,unknown
A0497,r-5ef71379,applies,unknown
A0497,r-7c8b33f9,applies,unknown
A0497,r-8237b0ce,applies,unknown
A0497,r-96f16208,applies,unknown
A0497,r-a2190629,applies,unknown
A0497,r-a3048f26,applies,unknown
A0497,r-ad07550f,applies,unknown
A0497,r-aeb12cba,applies,unknown
A0497,r-e61d4419,applies,unknown
A0497,r-f06d7c5e,applies,unknown
A0498,r-16f6b5d3,applies,unknown
A0499,r-027144eb,applies,unknown
A0499,r-21673199,applies,unknown
A0499,r-278c32e2,applies,unknown
A0499,r-27f4d965,applies,unknown
A0499,r-2b290690,applies,unknown
A0499,r-30b18f96,applies,unknown
A0499,r-48c8c1b0,superseded,unknown
A0499,r-52dbca2e,applies,unknown
A0499,r-7c8b33f9,applies,unknown
A0499,r-8237b0ce,applies,unknown
A0499,r-869b1a8c,applies,unknown
A0499,r-96f16208,applies,unknown
A0499,r-a2190629,applies,unknown
A0499,r-a3048f26,applies,unknown
A0499,r-ad07550f,applies,unknown
A0499,r-aeb12cba,applies,unknown
A0499,r-e61d4419,applies,unknown
A0499,r-e73f1627,applies,unknown
A0499,r-f06d7c5e,applies,unknown
A0500,r-027144eb,applies,unknown
A0500,r-21673199,applies,unknown
A0500,r-278c32e2,applies,unknown
A0500,r-27f4d965,applies,unknown
A0500,r-2b290690,applies,unknown
A0500,r-30b18f96,applies,unknown
A0500,r-48c8c1b0,superseded,unknown
A0500,r-52dbca2e,applies,unknown
A0500,r-7c8b33f9,applies,unknown
A0500,r-8237b0ce,applies,unknown
A0500,r-869b1a8c,applies,unknown
A0500,r-96f16208,applies,unknown
A0500,r-a2190629,applies,unknown
A0500,r-a3048f26,applies,unknown
A0500,r-ad07550f,applies,unknown
A0500,r-aeb12cba,applies,unknown
A0500,r-e61d4419,applies,unknown
A0500,r-e73f1627,applies,unknown
A0500,r-f06d7c5e,applies,unknown
